2026-05-26 20:10:02,823 | INFO     | PID:24916 | process:302 | === INICIANDO PROCESSAMENTO (Sessão: 40800d87e6ad4be4867f65eb1a015662) ===
2026-05-26 20:10:02,826 | INFO     | PID:24916 | process:303 | Vídeo: backend/uploads/videos/0966604f-e9ec-4600-943b-9847e731bc3b_BIQUEIRA x REAL RECANTO - Copa Martins Neto 2023.mp4 | Alvo inicial: 9
2026-05-26 20:10:04,088 | INFO     | PID:24916 | process:334 | === METADADOS DO VÍDEO ===
2026-05-26 20:10:04,088 | INFO     | PID:24916 | process:335 | Resolução Original: 1920x1080 | FPS Real: 59.94 | Duração: 615.26s
2026-05-26 20:10:04,089 | INFO     | PID:24916 | process:340 | [PRÉ-PROCESSAMENTO] Downscale ativo: 1920x1080 será reduzido para 640x360 (Fator: 0.33)
2026-05-26 20:10:04,089 | INFO     | PID:24916 | process:344 | === HIPERPARÂMETROS (Para Reprodutibilidade) ===
2026-05-26 20:10:04,089 | INFO     | PID:24916 | process:345 | FRAME_SKIP=2 | MIN_OCR_VOTES=2 | GAP_TOLERANCE=120s | PROCESS_WIDTH=640px
2026-05-26 20:10:04,089 | INFO     | PID:24916 | process:346 | =========================================
2026-05-26 20:10:04,089 | INFO     | PID:24916 | _extract_metadata:427 | [1/4] Extraindo metadados com IA (36879 frames)...
2026-05-26 20:10:04,089 | INFO     | PID:24916 | _extract_metadata:428 | [video] Começando no segundo 0 (frame 0)
2026-05-26 20:10:04,089 | INFO     | PID:24916 | _extract_metadata:429 | [video] Terminando no frame 36878
2026-05-26 21:13:19,304 | INFO     | PID:24916 | _extract_metadata:492 | [FAST-FORWARD] Campo vazio (frame 36808). Pulando 5s...
2026-05-26 21:13:19,690 | INFO     | PID:24916 | _resolve_player_ids:642 | [2/4] Resolvendo Identidades dos Jogadores...
2026-05-26 21:13:19,700 | INFO     | PID:24916 | _resolve_player_ids:653 |     [16 tracks descartados por leituras inconsistentes]
2026-05-26 21:13:19,700 | INFO     | PID:24916 | _resolve_player_ids:682 |     ✓ Jogador #9 vinculado aos IDs: {'522', '1620', '1758', '952'}
2026-05-26 21:13:19,703 | INFO     | PID:24916 | _compute_clip_intervals:702 | [3/4] Calculando intervalos de ação...
2026-05-26 21:13:20,332 | INFO     | PID:24916 | _print_kinematic_events:994 | [ANOMALIA] Possível lance aos 00:00 (jogador track=3, pico velocidade=15.5px/frame)
2026-05-26 21:13:20,332 | INFO     | PID:24916 | _print_kinematic_events:994 | [ANOMALIA] Possível lance aos 00:00 (jogador track=3, pico aceleracao=15.5px/frame²)
2026-05-26 21:13:20,332 | INFO     | PID:24916 | _print_kinematic_events:994 | [ANOMALIA] Possível lance aos 00:00 (jogador track=6, pico velocidade=23.02px/frame)
2026-05-26 21:13:20,332 | INFO     | PID:24916 | _print_kinematic_events:994 | [ANOMALIA] Possível lance aos 00:00 (jogador track=6, pico aceleracao=23.02px/frame²)
2026-05-26 21:13:20,332 | INFO     | PID:24916 | _print_kinematic_events:994 | [ANOMALIA] Possível lance aos 00:00 (jogador track=8, pico aceleracao=10.55px/frame²)
2026-05-26 21:13:20,332 | INFO     | PID:24916 | _print_kinematic_events:994 | [ANOMALIA] Possível lance aos 00:00 (jogador track=8, pico velocidade=16.62px/frame)
2026-05-26 21:13:20,332 | INFO     | PID:24916 | _print_kinematic_events:994 | [ANOMALIA] Possível lance aos 00:01 (jogador track=11, pico velocidade=156.12px/frame)
2026-05-26 21:13:20,332 | INFO     | PID:24916 | _print_kinematic_events:994 | [ANOMALIA] Possível lance aos 00:01 (jogador track=12, pico velocidade=26.12px/frame)
2026-05-26 21:13:20,333 | INFO     | PID:24916 | _print_kinematic_events:994 | [ANOMALIA] Possível lance aos 00:01 (jogador track=11, pico aceleracao=156.12px/frame²)
2026-05-26 21:13:20,333 | INFO     | PID:24916 | _print_kinematic_events:994 | [ANOMALIA] Possível lance aos 00:01 (jogador track=12, pico aceleracao=26.12px/frame²)
2026-05-26 21:13:20,333 | INFO     | PID:24916 | _print_kinematic_events:994 | [ANOMALIA] Possível lance aos 00:02 (jogador track=2, pico velocidade=54.61px/frame)
2026-05-26 21:13:20,333 | INFO     | PID:24916 | _print_kinematic_events:994 | [ANOMALIA] Possível lance aos 00:02 (jogador track=2, pico aceleracao=54.61px/frame²)
2026-05-26 21:13:20,333 | INFO     | PID:24916 | _print_kinematic_events:994 | [ANOMALIA] Possível lance aos 00:02 (jogador track=6, pico velocidade=21.51px/frame)
2026-05-26 21:13:20,335 | INFO     | PID:24916 | _print_kinematic_events:994 | [ANOMALIA] Possível lance aos 00:02 (jogador track=6, pico aceleracao=21.51px/frame²)
2026-05-26 21:13:20,335 | INFO     | PID:24916 | _print_kinematic_events:994 | [ANOMALIA] Possível lance aos 00:03 (jogador track=31, pico velocidade=102.62px/frame)
2026-05-26 21:13:20,335 | INFO     | PID:24916 | _print_kinematic_events:994 | [ANOMALIA] Possível lance aos 00:03 (jogador track=31, pico aceleracao=102.62px/frame²)
2026-05-26 21:13:20,335 | INFO     | PID:24916 | _print_kinematic_events:994 | [ANOMALIA] Possível lance aos 00:03 (jogador track=7, pico velocidade=130.93px/frame)
2026-05-26 21:13:20,335 | INFO     | PID:24916 | _print_kinematic_events:994 | [ANOMALIA] Possível lance aos 00:03 (jogador track=7, pico aceleracao=130.93px/frame²)
2026-05-26 21:13:20,335 | INFO     | PID:24916 | _print_kinematic_events:994 | [ANOMALIA] Possível lance aos 00:03 (jogador track=35, pico velocidade=16.22px/frame)
2026-05-26 21:13:20,335 | INFO     | PID:24916 | _print_kinematic_events:994 | [ANOMALIA] Possível lance aos 00:03 (jogador track=40, pico velocidade=22.51px/frame)
2026-05-26 21:13:20,335 | INFO     | PID:24916 | _print_kinematic_events:994 | [ANOMALIA] Possível lance aos 00:03 (jogador track=35, pico aceleracao=16.22px/frame²)
2026-05-26 21:13:20,335 | INFO     | PID:24916 | _print_kinematic_events:994 | [ANOMALIA] Possível lance aos 00:03 (jogador track=40, pico aceleracao=22.51px/frame²)
2026-05-26 21:13:20,335 | INFO     | PID:24916 | _print_kinematic_events:994 | [ANOMALIA] Possível lance aos 00:04 (jogador track=33, pico velocidade=34.31px/frame)
2026-05-26 21:13:20,335 | INFO     | PID:24916 | _print_kinematic_events:994 | [ANOMALIA] Possível lance aos 00:04 (jogador track=33, pico aceleracao=34.31px/frame²)
2026-05-26 21:13:20,335 | INFO     | PID:24916 | _print_kinematic_events:994 | [ANOMALIA] Possível lance aos 00:04 (jogador track=28, pico velocidade=415.04px/frame)
2026-05-26 21:13:20,335 | INFO     | PID:24916 | _print_kinematic_events:994 | [ANOMALIA] Possível lance aos 00:04 (jogador track=28, pico aceleracao=415.04px/frame²)
2026-05-26 21:13:20,335 | INFO     | PID:24916 | _print_kinematic_events:994 | [ANOMALIA] Possível lance aos 00:04 (jogador track=27, pico velocidade=20.22px/frame)
2026-05-26 21:13:20,335 | INFO     | PID:24916 | _print_kinematic_events:994 | [ANOMALIA] Possível lance aos 00:04 (jogador track=27, pico aceleracao=20.22px/frame²)
2026-05-26 21:13:20,335 | INFO     | PID:24916 | _print_kinematic_events:994 | [ANOMALIA] Possível lance aos 00:05 (jogador track=37, pico velocidade=25.62px/frame)
2026-05-26 21:13:20,335 | INFO     | PID:24916 | _print_kinematic_events:994 | [ANOMALIA] Possível lance aos 00:05 (jogador track=37, pico aceleracao=31.6px/frame²)
2026-05-26 21:13:20,336 | INFO     | PID:24916 | _print_kinematic_events:994 | [ANOMALIA] Possível lance aos 00:05 (jogador track=43, pico aceleracao=39.08px/frame²)
2026-05-26 21:13:20,336 | INFO     | PID:24916 | _print_kinematic_events:994 | [ANOMALIA] Possível lance aos 00:05 (jogador track=46, pico aceleracao=11.51px/frame²)
2026-05-26 21:13:20,336 | INFO     | PID:24916 | _print_kinematic_events:994 | [ANOMALIA] Possível lance aos 00:05 (jogador track=52, pico aceleracao=11.05px/frame²)
2026-05-26 21:13:20,336 | INFO     | PID:24916 | _print_kinematic_events:994 | [ANOMALIA] Possível lance aos 00:06 (jogador track=47, pico velocidade=16.5px/frame)
2026-05-26 21:13:20,336 | INFO     | PID:24916 | _print_kinematic_events:994 | [ANOMALIA] Possível lance aos 00:06 (jogador track=47, pico aceleracao=16.5px/frame²)
2026-05-26 21:13:20,336 | INFO     | PID:24916 | _print_kinematic_events:994 | [ANOMALIA] Possível lance aos 00:06 (jogador track=51, pico velocidade=16.87px/frame)
2026-05-26 21:13:20,336 | INFO     | PID:24916 | _print_kinematic_events:994 | [ANOMALIA] Possível lance aos 00:06 (jogador track=51, pico aceleracao=16.87px/frame²)
2026-05-26 21:13:20,336 | INFO     | PID:24916 | _print_kinematic_events:994 | [ANOMALIA] Possível lance aos 00:06 (jogador track=50, pico velocidade=19.53px/frame)
2026-05-26 21:13:20,336 | INFO     | PID:24916 | _print_kinematic_events:994 | [ANOMALIA] Possível lance aos 00:06 (jogador track=50, pico aceleracao=19.53px/frame²)
2026-05-26 21:13:20,336 | INFO     | PID:24916 | _print_kinematic_events:994 | [ANOMALIA] Possível lance aos 00:08 (jogador track=50, pico velocidade=22.46px/frame)
2026-05-26 21:13:20,336 | INFO     | PID:24916 | _print_kinematic_events:994 | [ANOMALIA] Possível lance aos 00:08 (jogador track=50, pico aceleracao=22.46px/frame²)
2026-05-26 21:13:20,336 | INFO     | PID:24916 | _print_kinematic_events:994 | [ANOMALIA] Possível lance aos 00:10 (jogador track=50, pico aceleracao=14.08px/frame²)
2026-05-26 21:13:20,336 | INFO     | PID:24916 | _print_kinematic_events:994 | [ANOMALIA] Possível lance aos 00:10 (jogador track=62, pico velocidade=50.11px/frame)
2026-05-26 21:13:20,336 | INFO     | PID:24916 | _print_kinematic_events:994 | [ANOMALIA] Possível lance aos 00:10 (jogador track=62, pico aceleracao=50.11px/frame²)
2026-05-26 21:13:20,336 | INFO     | PID:24916 | _print_kinematic_events:994 | [ANOMALIA] Possível lance aos 00:11 (jogador track=65, pico aceleracao=10.01px/frame²)
2026-05-26 21:13:20,336 | INFO     | PID:24916 | _print_kinematic_events:994 | [ANOMALIA] Possível lance aos 00:11 (jogador track=67, pico aceleracao=10.0px/frame²)
2026-05-26 21:13:20,336 | INFO     | PID:24916 | _print_kinematic_events:994 | [ANOMALIA] Possível lance aos 00:11 (jogador track=46, pico aceleracao=12.0px/frame²)
2026-05-26 21:13:20,337 | INFO     | PID:24916 | _print_kinematic_events:994 | [ANOMALIA] Possível lance aos 00:11 (jogador track=52, pico aceleracao=12.04px/frame²)
2026-05-26 21:13:20,337 | INFO     | PID:24916 | _print_kinematic_events:994 | [ANOMALIA] Possível lance aos 00:11 (jogador track=52, pico velocidade=15.5px/frame)
2026-05-26 21:13:20,337 | INFO     | PID:24916 | _print_kinematic_events:994 | [ANOMALIA] Possível lance aos 00:11 (jogador track=46, pico velocidade=17.53px/frame)
2026-05-26 21:13:20,337 | INFO     | PID:24916 | _print_kinematic_events:994 | [ANOMALIA] Possível lance aos 00:11 (jogador track=50, pico velocidade=17.01px/frame)
2026-05-26 21:13:20,337 | INFO     | PID:24916 | _print_kinematic_events:994 | [ANOMALIA] Possível lance aos 00:11 (jogador track=64, pico velocidade=18.01px/frame)
2026-05-26 21:13:20,337 | INFO     | PID:24916 | _print_kinematic_events:994 | [ANOMALIA] Possível lance aos 00:11 (jogador track=64, pico aceleracao=18.01px/frame²)
2026-05-26 21:13:20,337 | INFO     | PID:24916 | _print_kinematic_events:994 | [ANOMALIA] Possível lance aos 00:12 (jogador track=75, pico aceleracao=11.18px/frame²)
2026-05-26 21:13:20,337 | INFO     | PID:24916 | _print_kinematic_events:994 | [ANOMALIA] Possível lance aos 00:14 (jogador track=72, pico velocidade=15.51px/frame)
2026-05-26 21:13:20,337 | INFO     | PID:24916 | _print_kinematic_events:994 | [ANOMALIA] Possível lance aos 00:14 (jogador track=72, pico aceleracao=15.51px/frame²)
2026-05-26 21:13:20,337 | INFO     | PID:24916 | _print_kinematic_events:994 | [ANOMALIA] Possível lance aos 00:14 (jogador track=78, pico velocidade=25.08px/frame)
2026-05-26 21:13:20,337 | INFO     | PID:24916 | _print_kinematic_events:994 | [ANOMALIA] Possível lance aos 00:14 (jogador track=78, pico aceleracao=25.08px/frame²)
2026-05-26 21:13:20,337 | INFO     | PID:24916 | _print_kinematic_events:994 | [ANOMALIA] Possível lance aos 00:14 (jogador track=81, pico velocidade=16.49px/frame)
2026-05-26 21:13:20,337 | INFO     | PID:24916 | _print_kinematic_events:994 | [ANOMALIA] Possível lance aos 00:14 (jogador track=81, pico aceleracao=16.49px/frame²)
2026-05-26 21:13:20,337 | INFO     | PID:24916 | _print_kinematic_events:994 | [ANOMALIA] Possível lance aos 00:15 (jogador track=86, pico aceleracao=10.51px/frame²)
2026-05-26 21:13:20,338 | INFO     | PID:24916 | _print_kinematic_events:994 | [ANOMALIA] Possível lance aos 00:15 (jogador track=79, pico aceleracao=8.51px/frame²)
2026-05-26 21:13:20,338 | INFO     | PID:24916 | _print_kinematic_events:994 | [ANOMALIA] Possível lance aos 00:15 (jogador track=93, pico aceleracao=14.58px/frame²)
2026-05-26 21:13:20,338 | INFO     | PID:24916 | _print_kinematic_events:994 | [ANOMALIA] Possível lance aos 00:15 (jogador track=80, pico velocidade=52.92px/frame)
2026-05-26 21:13:20,338 | INFO     | PID:24916 | _print_kinematic_events:994 | [ANOMALIA] Possível lance aos 00:16 (jogador track=84, pico velocidade=250.18px/frame)
2026-05-26 21:13:20,338 | INFO     | PID:24916 | _print_kinematic_events:994 | [ANOMALIA] Possível lance aos 00:16 (jogador track=84, pico aceleracao=250.18px/frame²)
2026-05-26 21:13:20,338 | INFO     | PID:24916 | _print_kinematic_events:994 | [ANOMALIA] Possível lance aos 00:16 (jogador track=89, pico velocidade=117.41px/frame)
2026-05-26 21:13:20,338 | INFO     | PID:24916 | _print_kinematic_events:994 | [ANOMALIA] Possível lance aos 00:16 (jogador track=89, pico aceleracao=117.41px/frame²)
2026-05-26 21:13:20,338 | INFO     | PID:24916 | _print_kinematic_events:994 | [ANOMALIA] Possível lance aos 00:16 (jogador track=100, pico velocidade=18.03px/frame)
2026-05-26 21:13:20,338 | INFO     | PID:24916 | _print_kinematic_events:994 | [ANOMALIA] Possível lance aos 00:16 (jogador track=100, pico aceleracao=18.03px/frame²)
2026-05-26 21:13:20,338 | INFO     | PID:24916 | _print_kinematic_events:994 | [ANOMALIA] Possível lance aos 00:16 (jogador track=80, pico aceleracao=181.53px/frame²)
2026-05-26 21:13:20,338 | INFO     | PID:24916 | _print_kinematic_events:994 | [ANOMALIA] Possível lance aos 00:17 (jogador track=81, pico velocidade=16.1px/frame)
2026-05-26 21:13:20,338 | INFO     | PID:24916 | _print_kinematic_events:994 | [ANOMALIA] Possível lance aos 00:17 (jogador track=105, pico aceleracao=9.01px/frame²)
2026-05-26 21:13:20,338 | INFO     | PID:24916 | _print_kinematic_events:994 | [ANOMALIA] Possível lance aos 00:17 (jogador track=107, pico aceleracao=12.51px/frame²)
2026-05-26 21:13:20,338 | INFO     | PID:24916 | _print_kinematic_events:994 | [ANOMALIA] Possível lance aos 00:17 (jogador track=108, pico aceleracao=8.56px/frame²)
2026-05-26 21:13:20,338 | INFO     | PID:24916 | _print_kinematic_events:994 | [ANOMALIA] Possível lance aos 00:20 (jogador track=109, pico aceleracao=8.02px/frame²)
2026-05-26 21:13:20,338 | INFO     | PID:24916 | _print_kinematic_events:994 | [ANOMALIA] Possível lance aos 00:20 (jogador track=131, pico velocidade=45.28px/frame)
2026-05-26 21:13:20,338 | INFO     | PID:24916 | _print_kinematic_events:994 | [ANOMALIA] Possível lance aos 00:20 (jogador track=132, pico velocidade=59.5px/frame)
2026-05-26 21:13:20,338 | INFO     | PID:24916 | _print_kinematic_events:994 | [ANOMALIA] Possível lance aos 00:20 (jogador track=131, pico aceleracao=45.28px/frame²)
2026-05-26 21:13:20,338 | INFO     | PID:24916 | _print_kinematic_events:994 | [ANOMALIA] Possível lance aos 00:20 (jogador track=132, pico aceleracao=59.5px/frame²)
2026-05-26 21:13:20,339 | INFO     | PID:24916 | _print_kinematic_events:994 | [ANOMALIA] Possível lance aos 00:20 (jogador track=140, pico velocidade=30.04px/frame)
2026-05-26 21:13:20,339 | INFO     | PID:24916 | _print_kinematic_events:994 | [ANOMALIA] Possível lance aos 00:21 (jogador track=138, pico velocidade=19.03px/frame)
2026-05-26 21:13:20,339 | INFO     | PID:24916 | _print_kinematic_events:994 | [ANOMALIA] Possível lance aos 00:21 (jogador track=138, pico aceleracao=19.03px/frame²)
2026-05-26 21:13:20,339 | INFO     | PID:24916 | _print_kinematic_events:994 | [ANOMALIA] Possível lance aos 00:21 (jogador track=140, pico aceleracao=64.51px/frame²)
2026-05-26 21:13:20,339 | INFO     | PID:24916 | _print_kinematic_events:994 | [ANOMALIA] Possível lance aos 00:21 (jogador track=139, pico velocidade=143.11px/frame)
2026-05-26 21:13:20,339 | INFO     | PID:24916 | _print_kinematic_events:994 | [ANOMALIA] Possível lance aos 00:21 (jogador track=139, pico aceleracao=143.11px/frame²)
2026-05-26 21:13:20,339 | INFO     | PID:24916 | _print_kinematic_events:994 | [ANOMALIA] Possível lance aos 00:21 (jogador track=158, pico velocidade=16.01px/frame)
2026-05-26 21:13:20,339 | INFO     | PID:24916 | _print_kinematic_events:994 | [ANOMALIA] Possível lance aos 00:21 (jogador track=160, pico velocidade=21.59px/frame)
2026-05-26 21:13:20,339 | INFO     | PID:24916 | _print_kinematic_events:994 | [ANOMALIA] Possível lance aos 00:21 (jogador track=160, pico aceleracao=21.59px/frame²)
2026-05-26 21:13:20,339 | INFO     | PID:24916 | _print_kinematic_events:994 | [ANOMALIA] Possível lance aos 00:21 (jogador track=155, pico velocidade=57.47px/frame)
2026-05-26 21:13:20,339 | INFO     | PID:24916 | _print_kinematic_events:994 | [ANOMALIA] Possível lance aos 00:21 (jogador track=155, pico aceleracao=57.47px/frame²)
2026-05-26 21:13:20,339 | INFO     | PID:24916 | _print_kinematic_events:994 | [ANOMALIA] Possível lance aos 00:22 (jogador track=163, pico velocidade=36.39px/frame)
2026-05-26 21:13:20,339 | INFO     | PID:24916 | _print_kinematic_events:994 | [ANOMALIA] Possível lance aos 00:22 (jogador track=158, pico aceleracao=20.01px/frame²)
2026-05-26 21:13:20,339 | INFO     | PID:24916 | _print_kinematic_events:994 | [ANOMALIA] Possível lance aos 00:22 (jogador track=163, pico aceleracao=36.39px/frame²)
2026-05-26 21:13:20,339 | INFO     | PID:24916 | _print_kinematic_events:994 | [ANOMALIA] Possível lance aos 00:22 (jogador track=166, pico aceleracao=13.09px/frame²)
2026-05-26 21:13:20,339 | INFO     | PID:24916 | _print_kinematic_events:994 | [ANOMALIA] Possível lance aos 00:22 (jogador track=166, pico velocidade=15.63px/frame)
2026-05-26 21:13:20,339 | INFO     | PID:24916 | _print_kinematic_events:994 | [ANOMALIA] Possível lance aos 00:22 (bola track=ball_0, pico velocidade=143805.91px/frame)
2026-05-26 21:13:20,340 | INFO     | PID:24916 | _print_kinematic_events:994 | [ANOMALIA] Possível lance aos 00:22 (bola track=ball_0, pico aceleracao=143805.91px/frame²)
2026-05-26 21:13:20,340 | INFO     | PID:24916 | _print_kinematic_events:994 | [ANOMALIA] Possível lance aos 00:22 (jogador track=171, pico aceleracao=8.56px/frame²)
2026-05-26 21:13:20,340 | INFO     | PID:24916 | _print_kinematic_events:994 | [ANOMALIA] Possível lance aos 00:22 (jogador track=134, pico velocidade=349.45px/frame)
2026-05-26 21:13:20,340 | INFO     | PID:24916 | _print_kinematic_events:994 | [ANOMALIA] Possível lance aos 00:22 (jogador track=134, pico aceleracao=349.45px/frame²)
2026-05-26 21:13:20,340 | INFO     | PID:24916 | _print_kinematic_events:994 | [ANOMALIA] Possível lance aos 00:22 (jogador track=159, pico velocidade=231.57px/frame)
2026-05-26 21:13:20,340 | INFO     | PID:24916 | _print_kinematic_events:994 | [ANOMALIA] Possível lance aos 00:22 (jogador track=159, pico aceleracao=231.57px/frame²)
2026-05-26 21:13:20,340 | INFO     | PID:24916 | _print_kinematic_events:994 | [ANOMALIA] Possível lance aos 00:23 (jogador track=185, pico velocidade=16.01px/frame)
2026-05-26 21:13:20,340 | INFO     | PID:24916 | _print_kinematic_events:994 | [ANOMALIA] Possível lance aos 00:23 (jogador track=185, pico aceleracao=16.01px/frame²)
2026-05-26 21:13:20,340 | INFO     | PID:24916 | _print_kinematic_events:994 | [ANOMALIA] Possível lance aos 00:24 (jogador track=194, pico aceleracao=10.55px/frame²)
2026-05-26 21:13:20,340 | INFO     | PID:24916 | _print_kinematic_events:994 | [ANOMALIA] Possível lance aos 00:28 (bola track=ball_0, pico aceleracao=143805.91px/frame²)
2026-05-26 21:13:20,340 | INFO     | PID:24916 | _print_kinematic_events:994 | [ANOMALIA] Possível lance aos 00:29 (jogador track=200, pico velocidade=18.34px/frame)
2026-05-26 21:13:20,340 | INFO     | PID:24916 | _print_kinematic_events:994 | [ANOMALIA] Possível lance aos 00:29 (jogador track=200, pico aceleracao=18.34px/frame²)
2026-05-26 21:13:20,340 | INFO     | PID:24916 | _print_kinematic_events:994 | [ANOMALIA] Possível lance aos 00:30 (jogador track=195, pico velocidade=23.0px/frame)
2026-05-26 21:13:20,340 | INFO     | PID:24916 | _print_kinematic_events:994 | [ANOMALIA] Possível lance aos 00:31 (jogador track=206, pico aceleracao=10.55px/frame²)
2026-05-26 21:13:20,340 | INFO     | PID:24916 | _print_kinematic_events:994 | [ANOMALIA] Possível lance aos 00:31 (jogador track=210, pico aceleracao=9.34px/frame²)
2026-05-26 21:13:20,340 | INFO     | PID:24916 | _print_kinematic_events:994 | [ANOMALIA] Possível lance aos 00:31 (jogador track=195, pico aceleracao=29.15px/frame²)
2026-05-26 21:13:20,340 | INFO     | PID:24916 | _print_kinematic_events:994 | [ANOMALIA] Possível lance aos 00:33 (jogador track=195, pico velocidade=92.07px/frame)
2026-05-26 21:13:20,340 | INFO     | PID:24916 | _print_kinematic_events:994 | [ANOMALIA] Possível lance aos 00:33 (jogador track=200, pico velocidade=17.01px/frame)
2026-05-26 21:13:20,341 | INFO     | PID:24916 | _print_kinematic_events:994 | [ANOMALIA] Possível lance aos 00:33 (jogador track=200, pico aceleracao=17.01px/frame²)
2026-05-26 21:13:20,341 | INFO     | PID:24916 | _print_kinematic_events:994 | [ANOMALIA] Possível lance aos 00:34 (jogador track=218, pico velocidade=143.07px/frame)
2026-05-26 21:13:20,341 | INFO     | PID:24916 | _print_kinematic_events:994 | [ANOMALIA] Possível lance aos 00:34 (jogador track=218, pico aceleracao=143.07px/frame²)
2026-05-26 21:13:20,341 | INFO     | PID:24916 | _print_kinematic_events:994 | [ANOMALIA] Possível lance aos 00:34 (jogador track=217, pico velocidade=29.04px/frame)
2026-05-26 21:13:20,341 | INFO     | PID:24916 | _print_kinematic_events:994 | [ANOMALIA] Possível lance aos 00:34 (jogador track=217, pico aceleracao=29.04px/frame²)
2026-05-26 21:13:20,341 | INFO     | PID:24916 | _print_kinematic_events:994 | [ANOMALIA] Possível lance aos 00:35 (jogador track=221, pico velocidade=16.12px/frame)
2026-05-26 21:13:20,341 | INFO     | PID:24916 | _print_kinematic_events:994 | [ANOMALIA] Possível lance aos 00:35 (jogador track=221, pico aceleracao=16.12px/frame²)
2026-05-26 21:13:20,341 | INFO     | PID:24916 | _print_kinematic_events:994 | [ANOMALIA] Possível lance aos 00:35 (jogador track=223, pico velocidade=15.89px/frame)
2026-05-26 21:13:20,341 | INFO     | PID:24916 | _print_kinematic_events:994 | [ANOMALIA] Possível lance aos 00:35 (jogador track=223, pico aceleracao=15.89px/frame²)
2026-05-26 21:13:20,341 | INFO     | PID:24916 | _print_kinematic_events:994 | [ANOMALIA] Possível lance aos 00:35 (jogador track=195, pico velocidade=190.63px/frame)
2026-05-26 21:13:20,341 | INFO     | PID:24916 | _print_kinematic_events:994 | [ANOMALIA] Possível lance aos 00:35 (jogador track=195, pico aceleracao=190.63px/frame²)
2026-05-26 21:13:20,341 | INFO     | PID:24916 | _print_kinematic_events:994 | [ANOMALIA] Possível lance aos 00:36 (jogador track=200, pico velocidade=16.19px/frame)
2026-05-26 21:13:20,341 | INFO     | PID:24916 | _print_kinematic_events:994 | [ANOMALIA] Possível lance aos 00:36 (jogador track=200, pico aceleracao=16.19px/frame²)
2026-05-26 21:13:20,341 | INFO     | PID:24916 | _print_kinematic_events:994 | [ANOMALIA] Possível lance aos 00:36 (jogador track=228, pico velocidade=19.56px/frame)
2026-05-26 21:13:20,341 | INFO     | PID:24916 | _print_kinematic_events:994 | [ANOMALIA] Possível lance aos 00:36 (jogador track=228, pico aceleracao=19.56px/frame²)
2026-05-26 21:13:20,341 | INFO     | PID:24916 | _print_kinematic_events:994 | [ANOMALIA] Possível lance aos 00:36 (jogador track=217, pico velocidade=23.26px/frame)
2026-05-26 21:13:20,341 | INFO     | PID:24916 | _print_kinematic_events:994 | [ANOMALIA] Possível lance aos 00:36 (jogador track=217, pico aceleracao=23.26px/frame²)
2026-05-26 21:13:20,342 | INFO     | PID:24916 | _print_kinematic_events:994 | [ANOMALIA] Possível lance aos 00:38 (jogador track=195, pico velocidade=23.51px/frame)
2026-05-26 21:13:20,342 | INFO     | PID:24916 | _print_kinematic_events:994 | [ANOMALIA] Possível lance aos 00:40 (jogador track=195, pico velocidade=67.43px/frame)
2026-05-26 21:13:20,342 | INFO     | PID:24916 | _print_kinematic_events:994 | [ANOMALIA] Possível lance aos 00:40 (jogador track=195, pico aceleracao=67.43px/frame²)
2026-05-26 21:13:20,342 | INFO     | PID:24916 | _print_kinematic_events:994 | [ANOMALIA] Possível lance aos 00:40 (jogador track=238, pico aceleracao=8.9px/frame²)
2026-05-26 21:13:20,342 | INFO     | PID:24916 | _print_kinematic_events:994 | [ANOMALIA] Possível lance aos 00:41 (jogador track=237, pico velocidade=84.18px/frame)
2026-05-26 21:13:20,342 | INFO     | PID:24916 | _print_kinematic_events:994 | [ANOMALIA] Possível lance aos 00:41 (jogador track=242, pico velocidade=24.08px/frame)
2026-05-26 21:13:20,342 | INFO     | PID:24916 | _print_kinematic_events:994 | [ANOMALIA] Possível lance aos 00:41 (jogador track=237, pico aceleracao=84.18px/frame²)
2026-05-26 21:13:20,342 | INFO     | PID:24916 | _print_kinematic_events:994 | [ANOMALIA] Possível lance aos 00:41 (jogador track=242, pico aceleracao=24.08px/frame²)
2026-05-26 21:13:20,342 | INFO     | PID:24916 | _print_kinematic_events:994 | [ANOMALIA] Possível lance aos 00:41 (jogador track=239, pico velocidade=27.57px/frame)
2026-05-26 21:13:20,342 | INFO     | PID:24916 | _print_kinematic_events:994 | [ANOMALIA] Possível lance aos 00:41 (jogador track=239, pico aceleracao=27.57px/frame²)
2026-05-26 21:13:20,342 | INFO     | PID:24916 | _print_kinematic_events:994 | [ANOMALIA] Possível lance aos 00:41 (jogador track=228, pico velocidade=16.69px/frame)
2026-05-26 21:13:20,342 | INFO     | PID:24916 | _print_kinematic_events:994 | [ANOMALIA] Possível lance aos 00:41 (jogador track=228, pico aceleracao=16.69px/frame²)
2026-05-26 21:13:20,342 | INFO     | PID:24916 | _print_kinematic_events:994 | [ANOMALIA] Possível lance aos 00:42 (jogador track=242, pico velocidade=29.09px/frame)
2026-05-26 21:13:20,342 | INFO     | PID:24916 | _print_kinematic_events:994 | [ANOMALIA] Possível lance aos 00:42 (jogador track=242, pico aceleracao=29.09px/frame²)
2026-05-26 21:13:20,342 | INFO     | PID:24916 | _print_kinematic_events:994 | [ANOMALIA] Possível lance aos 00:43 (jogador track=251, pico aceleracao=12.5px/frame²)
2026-05-26 21:13:20,342 | INFO     | PID:24916 | _print_kinematic_events:994 | [ANOMALIA] Possível lance aos 00:44 (jogador track=195, pico velocidade=26.5px/frame)
2026-05-26 21:13:20,342 | INFO     | PID:24916 | _print_kinematic_events:994 | [ANOMALIA] Possível lance aos 00:44 (jogador track=252, pico aceleracao=13.79px/frame²)
2026-05-26 21:13:20,342 | INFO     | PID:24916 | _print_kinematic_events:994 | [ANOMALIA] Possível lance aos 00:47 (jogador track=259, pico aceleracao=11.01px/frame²)
2026-05-26 21:13:20,343 | INFO     | PID:24916 | _print_kinematic_events:994 | [ANOMALIA] Possível lance aos 00:48 (jogador track=262, pico aceleracao=12.78px/frame²)
2026-05-26 21:13:20,343 | INFO     | PID:24916 | _print_kinematic_events:994 | [ANOMALIA] Possível lance aos 00:48 (jogador track=263, pico velocidade=24.13px/frame)
2026-05-26 21:13:20,343 | INFO     | PID:24916 | _print_kinematic_events:994 | [ANOMALIA] Possível lance aos 00:48 (jogador track=263, pico aceleracao=24.13px/frame²)
2026-05-26 21:13:20,343 | INFO     | PID:24916 | _print_kinematic_events:994 | [ANOMALIA] Possível lance aos 00:48 (jogador track=258, pico aceleracao=14.51px/frame²)
2026-05-26 21:13:20,343 | INFO     | PID:24916 | _print_kinematic_events:994 | [ANOMALIA] Possível lance aos 00:49 (jogador track=261, pico velocidade=25.74px/frame)
2026-05-26 21:13:20,343 | INFO     | PID:24916 | _print_kinematic_events:994 | [ANOMALIA] Possível lance aos 00:49 (jogador track=261, pico aceleracao=25.74px/frame²)
2026-05-26 21:13:20,343 | INFO     | PID:24916 | _print_kinematic_events:994 | [ANOMALIA] Possível lance aos 00:49 (jogador track=259, pico velocidade=29.03px/frame)
2026-05-26 21:13:20,343 | INFO     | PID:24916 | _print_kinematic_events:994 | [ANOMALIA] Possível lance aos 00:49 (jogador track=259, pico aceleracao=29.03px/frame²)
2026-05-26 21:13:20,343 | INFO     | PID:24916 | _print_kinematic_events:994 | [ANOMALIA] Possível lance aos 00:49 (jogador track=264, pico aceleracao=10.05px/frame²)
2026-05-26 21:13:20,343 | INFO     | PID:24916 | _print_kinematic_events:994 | [ANOMALIA] Possível lance aos 00:50 (jogador track=258, pico velocidade=27.21px/frame)
2026-05-26 21:13:20,343 | INFO     | PID:24916 | _print_kinematic_events:994 | [ANOMALIA] Possível lance aos 00:53 (jogador track=272, pico aceleracao=14.53px/frame²)
2026-05-26 21:13:20,343 | INFO     | PID:24916 | _print_kinematic_events:994 | [ANOMALIA] Possível lance aos 00:53 (jogador track=271, pico velocidade=24.04px/frame)
2026-05-26 21:13:20,343 | INFO     | PID:24916 | _print_kinematic_events:994 | [ANOMALIA] Possível lance aos 00:54 (jogador track=272, pico velocidade=16.01px/frame)
2026-05-26 21:13:20,343 | INFO     | PID:24916 | _print_kinematic_events:994 | [ANOMALIA] Possível lance aos 00:54 (jogador track=270, pico velocidade=54.58px/frame)
2026-05-26 21:13:20,343 | INFO     | PID:24916 | _print_kinematic_events:994 | [ANOMALIA] Possível lance aos 00:54 (jogador track=270, pico aceleracao=54.58px/frame²)
2026-05-26 21:13:20,343 | INFO     | PID:24916 | _print_kinematic_events:994 | [ANOMALIA] Possível lance aos 00:54 (jogador track=273, pico velocidade=52.65px/frame)
2026-05-26 21:13:20,343 | INFO     | PID:24916 | _print_kinematic_events:994 | [ANOMALIA] Possível lance aos 00:54 (jogador track=273, pico aceleracao=52.65px/frame²)
2026-05-26 21:13:20,343 | INFO     | PID:24916 | _print_kinematic_events:994 | [ANOMALIA] Possível lance aos 00:55 (jogador track=279, pico velocidade=45.18px/frame)
2026-05-26 21:13:20,344 | INFO     | PID:24916 | _print_kinematic_events:994 | [ANOMALIA] Possível lance aos 00:55 (jogador track=279, pico aceleracao=45.18px/frame²)
2026-05-26 21:13:20,344 | INFO     | PID:24916 | _print_kinematic_events:994 | [ANOMALIA] Possível lance aos 00:55 (jogador track=285, pico aceleracao=10.5px/frame²)
2026-05-26 21:13:20,344 | INFO     | PID:24916 | _print_kinematic_events:994 | [ANOMALIA] Possível lance aos 00:56 (jogador track=273, pico velocidade=54.19px/frame)
2026-05-26 21:13:20,344 | INFO     | PID:24916 | _print_kinematic_events:994 | [ANOMALIA] Possível lance aos 00:56 (jogador track=273, pico aceleracao=54.19px/frame²)
2026-05-26 21:13:20,344 | INFO     | PID:24916 | _print_kinematic_events:994 | [ANOMALIA] Possível lance aos 00:57 (jogador track=287, pico velocidade=32.56px/frame)
2026-05-26 21:13:20,344 | INFO     | PID:24916 | _print_kinematic_events:994 | [ANOMALIA] Possível lance aos 00:57 (jogador track=287, pico aceleracao=32.56px/frame²)
2026-05-26 21:13:20,344 | INFO     | PID:24916 | _print_kinematic_events:994 | [ANOMALIA] Possível lance aos 00:58 (jogador track=289, pico aceleracao=13.01px/frame²)
2026-05-26 21:13:20,344 | INFO     | PID:24916 | _print_kinematic_events:994 | [ANOMALIA] Possível lance aos 00:59 (jogador track=303, pico aceleracao=8.51px/frame²)
2026-05-26 21:13:20,344 | INFO     | PID:24916 | _print_kinematic_events:994 | [ANOMALIA] Possível lance aos 01:00 (jogador track=309, pico velocidade=21.38px/frame)
2026-05-26 21:13:20,344 | INFO     | PID:24916 | _print_kinematic_events:994 | [ANOMALIA] Possível lance aos 01:00 (jogador track=309, pico aceleracao=21.38px/frame²)
2026-05-26 21:13:20,344 | INFO     | PID:24916 | _print_kinematic_events:994 | [ANOMALIA] Possível lance aos 01:01 (jogador track=289, pico velocidade=33.19px/frame)
2026-05-26 21:13:20,344 | INFO     | PID:24916 | _print_kinematic_events:994 | [ANOMALIA] Possível lance aos 01:01 (jogador track=289, pico aceleracao=33.19px/frame²)
2026-05-26 21:13:20,344 | INFO     | PID:24916 | _print_kinematic_events:994 | [ANOMALIA] Possível lance aos 01:01 (jogador track=306, pico velocidade=25.81px/frame)
2026-05-26 21:13:20,344 | INFO     | PID:24916 | _print_kinematic_events:994 | [ANOMALIA] Possível lance aos 01:01 (jogador track=306, pico aceleracao=25.81px/frame²)
2026-05-26 21:13:20,344 | INFO     | PID:24916 | _print_kinematic_events:994 | [ANOMALIA] Possível lance aos 01:01 (jogador track=307, pico velocidade=51.3px/frame)
2026-05-26 21:13:20,344 | INFO     | PID:24916 | _print_kinematic_events:994 | [ANOMALIA] Possível lance aos 01:01 (jogador track=307, pico aceleracao=51.3px/frame²)
2026-05-26 21:13:20,344 | INFO     | PID:24916 | _print_kinematic_events:994 | [ANOMALIA] Possível lance aos 01:02 (jogador track=271, pico velocidade=138.75px/frame)
2026-05-26 21:13:20,344 | INFO     | PID:24916 | _print_kinematic_events:994 | [ANOMALIA] Possível lance aos 01:02 (jogador track=271, pico aceleracao=138.75px/frame²)
2026-05-26 21:13:20,345 | INFO     | PID:24916 | _print_kinematic_events:994 | [ANOMALIA] Possível lance aos 01:03 (jogador track=317, pico velocidade=15.03px/frame)
2026-05-26 21:13:20,345 | INFO     | PID:24916 | _print_kinematic_events:994 | [ANOMALIA] Possível lance aos 01:03 (jogador track=317, pico aceleracao=15.03px/frame²)
2026-05-26 21:13:20,345 | INFO     | PID:24916 | _print_kinematic_events:994 | [ANOMALIA] Possível lance aos 01:04 (jogador track=314, pico velocidade=27.37px/frame)
2026-05-26 21:13:20,345 | INFO     | PID:24916 | _print_kinematic_events:994 | [ANOMALIA] Possível lance aos 01:04 (jogador track=314, pico aceleracao=27.37px/frame²)
2026-05-26 21:13:20,345 | INFO     | PID:24916 | _print_kinematic_events:994 | [ANOMALIA] Possível lance aos 01:04 (jogador track=315, pico velocidade=48.52px/frame)
2026-05-26 21:13:20,345 | INFO     | PID:24916 | _print_kinematic_events:994 | [ANOMALIA] Possível lance aos 01:04 (jogador track=315, pico aceleracao=48.52px/frame²)
2026-05-26 21:13:20,345 | INFO     | PID:24916 | _print_kinematic_events:994 | [ANOMALIA] Possível lance aos 01:05 (jogador track=325, pico aceleracao=12.54px/frame²)
2026-05-26 21:13:20,345 | INFO     | PID:24916 | _print_kinematic_events:994 | [ANOMALIA] Possível lance aos 01:05 (jogador track=325, pico velocidade=15.51px/frame)
2026-05-26 21:13:20,345 | INFO     | PID:24916 | _print_kinematic_events:994 | [ANOMALIA] Possível lance aos 01:06 (jogador track=322, pico aceleracao=9.51px/frame²)
2026-05-26 21:13:20,345 | INFO     | PID:24916 | _print_kinematic_events:994 | [ANOMALIA] Possível lance aos 01:06 (jogador track=315, pico velocidade=18.11px/frame)
2026-05-26 21:13:20,345 | INFO     | PID:24916 | _print_kinematic_events:994 | [ANOMALIA] Possível lance aos 01:06 (jogador track=315, pico aceleracao=18.11px/frame²)
2026-05-26 21:13:20,345 | INFO     | PID:24916 | _print_kinematic_events:994 | [ANOMALIA] Possível lance aos 01:06 (jogador track=329, pico aceleracao=8.56px/frame²)
2026-05-26 21:13:20,345 | INFO     | PID:24916 | _print_kinematic_events:994 | [ANOMALIA] Possível lance aos 01:08 (jogador track=314, pico velocidade=104.43px/frame)
2026-05-26 21:13:20,345 | INFO     | PID:24916 | _print_kinematic_events:994 | [ANOMALIA] Possível lance aos 01:08 (jogador track=314, pico aceleracao=104.43px/frame²)
2026-05-26 21:13:20,345 | INFO     | PID:24916 | _print_kinematic_events:994 | [ANOMALIA] Possível lance aos 01:08 (jogador track=315, pico velocidade=17.59px/frame)
2026-05-26 21:13:20,345 | INFO     | PID:24916 | _print_kinematic_events:994 | [ANOMALIA] Possível lance aos 01:08 (jogador track=315, pico aceleracao=17.59px/frame²)
2026-05-26 21:13:20,345 | INFO     | PID:24916 | _print_kinematic_events:994 | [ANOMALIA] Possível lance aos 01:08 (jogador track=329, pico velocidade=21.02px/frame)
2026-05-26 21:13:20,345 | INFO     | PID:24916 | _print_kinematic_events:994 | [ANOMALIA] Possível lance aos 01:08 (jogador track=329, pico aceleracao=21.02px/frame²)
2026-05-26 21:13:20,345 | INFO     | PID:24916 | _print_kinematic_events:994 | [ANOMALIA] Possível lance aos 01:10 (jogador track=340, pico aceleracao=10.61px/frame²)
2026-05-26 21:13:20,346 | INFO     | PID:24916 | _print_kinematic_events:994 | [ANOMALIA] Possível lance aos 01:10 (jogador track=348, pico velocidade=20.55px/frame)
2026-05-26 21:13:20,346 | INFO     | PID:24916 | _print_kinematic_events:994 | [ANOMALIA] Possível lance aos 01:10 (jogador track=348, pico aceleracao=42.07px/frame²)
2026-05-26 21:13:20,346 | INFO     | PID:24916 | _print_kinematic_events:994 | [ANOMALIA] Possível lance aos 01:10 (jogador track=349, pico velocidade=23.58px/frame)
2026-05-26 21:13:20,346 | INFO     | PID:24916 | _print_kinematic_events:994 | [ANOMALIA] Possível lance aos 01:10 (jogador track=349, pico aceleracao=23.58px/frame²)
2026-05-26 21:13:20,346 | INFO     | PID:24916 | _print_kinematic_events:994 | [ANOMALIA] Possível lance aos 01:11 (jogador track=343, pico aceleracao=12.04px/frame²)
2026-05-26 21:13:20,346 | INFO     | PID:24916 | _print_kinematic_events:994 | [ANOMALIA] Possível lance aos 01:11 (jogador track=352, pico velocidade=22.46px/frame)
2026-05-26 21:13:20,346 | INFO     | PID:24916 | _print_kinematic_events:994 | [ANOMALIA] Possível lance aos 01:11 (jogador track=352, pico aceleracao=22.46px/frame²)
2026-05-26 21:13:20,346 | INFO     | PID:24916 | _print_kinematic_events:994 | [ANOMALIA] Possível lance aos 01:11 (jogador track=353, pico velocidade=25.0px/frame)
2026-05-26 21:13:20,346 | INFO     | PID:24916 | _print_kinematic_events:994 | [ANOMALIA] Possível lance aos 01:11 (jogador track=353, pico aceleracao=25.0px/frame²)
2026-05-26 21:13:20,346 | INFO     | PID:24916 | _print_kinematic_events:994 | [ANOMALIA] Possível lance aos 01:11 (jogador track=340, pico aceleracao=14.01px/frame²)
2026-05-26 21:13:20,346 | INFO     | PID:24916 | _print_kinematic_events:994 | [ANOMALIA] Possível lance aos 01:12 (jogador track=342, pico velocidade=21.55px/frame)
2026-05-26 21:13:20,346 | INFO     | PID:24916 | _print_kinematic_events:994 | [ANOMALIA] Possível lance aos 01:12 (jogador track=342, pico aceleracao=21.55px/frame²)
2026-05-26 21:13:20,346 | INFO     | PID:24916 | _print_kinematic_events:994 | [ANOMALIA] Possível lance aos 01:12 (jogador track=358, pico velocidade=23.51px/frame)
2026-05-26 21:13:20,346 | INFO     | PID:24916 | _print_kinematic_events:994 | [ANOMALIA] Possível lance aos 01:12 (jogador track=358, pico aceleracao=23.51px/frame²)
2026-05-26 21:13:20,346 | INFO     | PID:24916 | _print_kinematic_events:994 | [ANOMALIA] Possível lance aos 01:14 (jogador track=342, pico velocidade=81.04px/frame)
2026-05-26 21:13:20,346 | INFO     | PID:24916 | _print_kinematic_events:994 | [ANOMALIA] Possível lance aos 01:14 (jogador track=342, pico aceleracao=81.04px/frame²)
2026-05-26 21:13:20,346 | INFO     | PID:24916 | _print_kinematic_events:994 | [ANOMALIA] Possível lance aos 01:14 (jogador track=360, pico velocidade=64.59px/frame)
2026-05-26 21:13:20,346 | INFO     | PID:24916 | _print_kinematic_events:994 | [ANOMALIA] Possível lance aos 01:14 (jogador track=360, pico aceleracao=64.59px/frame²)
2026-05-26 21:13:20,347 | INFO     | PID:24916 | _print_kinematic_events:994 | [ANOMALIA] Possível lance aos 01:14 (jogador track=375, pico velocidade=28.07px/frame)
2026-05-26 21:13:20,347 | INFO     | PID:24916 | _print_kinematic_events:994 | [ANOMALIA] Possível lance aos 01:14 (jogador track=375, pico aceleracao=28.07px/frame²)
2026-05-26 21:13:20,347 | INFO     | PID:24916 | _print_kinematic_events:994 | [ANOMALIA] Possível lance aos 01:15 (jogador track=365, pico velocidade=110.77px/frame)
2026-05-26 21:13:20,347 | INFO     | PID:24916 | _print_kinematic_events:994 | [ANOMALIA] Possível lance aos 01:15 (jogador track=365, pico aceleracao=110.77px/frame²)
2026-05-26 21:13:20,347 | INFO     | PID:24916 | _print_kinematic_events:994 | [ANOMALIA] Possível lance aos 01:15 (jogador track=373, pico velocidade=39.02px/frame)
2026-05-26 21:13:20,347 | INFO     | PID:24916 | _print_kinematic_events:994 | [ANOMALIA] Possível lance aos 01:15 (jogador track=373, pico aceleracao=39.02px/frame²)
2026-05-26 21:13:20,347 | INFO     | PID:24916 | _print_kinematic_events:994 | [ANOMALIA] Possível lance aos 01:16 (jogador track=342, pico velocidade=43.49px/frame)
2026-05-26 21:13:20,347 | INFO     | PID:24916 | _print_kinematic_events:994 | [ANOMALIA] Possível lance aos 01:16 (jogador track=342, pico aceleracao=43.49px/frame²)
2026-05-26 21:13:20,347 | INFO     | PID:24916 | _print_kinematic_events:994 | [ANOMALIA] Possível lance aos 01:17 (jogador track=380, pico velocidade=17.51px/frame)
2026-05-26 21:13:20,347 | INFO     | PID:24916 | _print_kinematic_events:994 | [ANOMALIA] Possível lance aos 01:17 (jogador track=380, pico aceleracao=17.51px/frame²)
2026-05-26 21:13:20,347 | INFO     | PID:24916 | _print_kinematic_events:994 | [ANOMALIA] Possível lance aos 01:18 (jogador track=385, pico aceleracao=14.14px/frame²)
2026-05-26 21:13:20,347 | INFO     | PID:24916 | _print_kinematic_events:994 | [ANOMALIA] Possível lance aos 01:19 (jogador track=383, pico velocidade=22.09px/frame)
2026-05-26 21:13:20,347 | INFO     | PID:24916 | _print_kinematic_events:994 | [ANOMALIA] Possível lance aos 01:19 (jogador track=383, pico aceleracao=22.09px/frame²)
2026-05-26 21:13:20,347 | INFO     | PID:24916 | _print_kinematic_events:994 | [ANOMALIA] Possível lance aos 01:19 (jogador track=381, pico velocidade=15.51px/frame)
2026-05-26 21:13:20,347 | INFO     | PID:24916 | _print_kinematic_events:994 | [ANOMALIA] Possível lance aos 01:19 (jogador track=381, pico aceleracao=15.51px/frame²)
2026-05-26 21:13:20,347 | INFO     | PID:24916 | _print_kinematic_events:994 | [ANOMALIA] Possível lance aos 01:19 (jogador track=380, pico velocidade=24.99px/frame)
2026-05-26 21:13:20,347 | INFO     | PID:24916 | _print_kinematic_events:994 | [ANOMALIA] Possível lance aos 01:19 (jogador track=380, pico aceleracao=24.99px/frame²)
2026-05-26 21:13:20,347 | INFO     | PID:24916 | _print_kinematic_events:994 | [ANOMALIA] Possível lance aos 01:19 (jogador track=388, pico velocidade=58.6px/frame)
2026-05-26 21:13:20,347 | INFO     | PID:24916 | _print_kinematic_events:994 | [ANOMALIA] Possível lance aos 01:19 (jogador track=388, pico aceleracao=58.6px/frame²)
2026-05-26 21:13:20,347 | INFO     | PID:24916 | _print_kinematic_events:994 | [ANOMALIA] Possível lance aos 01:19 (jogador track=390, pico velocidade=38.82px/frame)
2026-05-26 21:13:20,348 | INFO     | PID:24916 | _print_kinematic_events:994 | [ANOMALIA] Possível lance aos 01:19 (jogador track=390, pico aceleracao=38.82px/frame²)
2026-05-26 21:13:20,348 | INFO     | PID:24916 | _print_kinematic_events:994 | [ANOMALIA] Possível lance aos 01:19 (jogador track=384, pico velocidade=125.28px/frame)
2026-05-26 21:13:20,348 | INFO     | PID:24916 | _print_kinematic_events:994 | [ANOMALIA] Possível lance aos 01:19 (jogador track=384, pico aceleracao=125.28px/frame²)
2026-05-26 21:13:20,348 | INFO     | PID:24916 | _print_kinematic_events:994 | [ANOMALIA] Possível lance aos 01:19 (jogador track=393, pico aceleracao=13.04px/frame²)
2026-05-26 21:13:20,348 | INFO     | PID:24916 | _print_kinematic_events:994 | [ANOMALIA] Possível lance aos 01:20 (jogador track=389, pico velocidade=35.65px/frame)
2026-05-26 21:13:20,348 | INFO     | PID:24916 | _print_kinematic_events:994 | [ANOMALIA] Possível lance aos 01:20 (jogador track=389, pico aceleracao=35.65px/frame²)
2026-05-26 21:13:20,348 | INFO     | PID:24916 | _print_kinematic_events:994 | [ANOMALIA] Possível lance aos 01:20 (jogador track=385, pico velocidade=15.13px/frame)
2026-05-26 21:13:20,348 | INFO     | PID:24916 | _print_kinematic_events:994 | [ANOMALIA] Possível lance aos 01:20 (jogador track=395, pico velocidade=46.5px/frame)
2026-05-26 21:13:20,348 | INFO     | PID:24916 | _print_kinematic_events:994 | [ANOMALIA] Possível lance aos 01:20 (jogador track=395, pico aceleracao=46.5px/frame²)
2026-05-26 21:13:20,348 | INFO     | PID:24916 | _print_kinematic_events:994 | [ANOMALIA] Possível lance aos 01:20 (jogador track=381, pico aceleracao=12.75px/frame²)
2026-05-26 21:13:20,348 | INFO     | PID:24916 | _print_kinematic_events:994 | [ANOMALIA] Possível lance aos 01:21 (jogador track=401, pico velocidade=34.51px/frame)
2026-05-26 21:13:20,348 | INFO     | PID:24916 | _print_kinematic_events:994 | [ANOMALIA] Possível lance aos 01:21 (jogador track=401, pico aceleracao=34.51px/frame²)
2026-05-26 21:13:20,348 | INFO     | PID:24916 | _print_kinematic_events:994 | [ANOMALIA] Possível lance aos 01:21 (jogador track=390, pico velocidade=20.16px/frame)
2026-05-26 21:13:20,348 | INFO     | PID:24916 | _print_kinematic_events:994 | [ANOMALIA] Possível lance aos 01:21 (jogador track=389, pico velocidade=43.5px/frame)
2026-05-26 21:13:20,348 | INFO     | PID:24916 | _print_kinematic_events:994 | [ANOMALIA] Possível lance aos 01:21 (jogador track=389, pico aceleracao=43.5px/frame²)
2026-05-26 21:13:20,348 | INFO     | PID:24916 | _print_kinematic_events:994 | [ANOMALIA] Possível lance aos 01:22 (jogador track=407, pico velocidade=17.61px/frame)
2026-05-26 21:13:20,348 | INFO     | PID:24916 | _print_kinematic_events:994 | [ANOMALIA] Possível lance aos 01:22 (jogador track=407, pico aceleracao=17.61px/frame²)
2026-05-26 21:13:20,348 | INFO     | PID:24916 | _print_kinematic_events:994 | [ANOMALIA] Possível lance aos 01:22 (jogador track=390, pico aceleracao=71.09px/frame²)
2026-05-26 21:13:20,348 | INFO     | PID:24916 | _print_kinematic_events:994 | [ANOMALIA] Possível lance aos 01:22 (jogador track=409, pico velocidade=15.53px/frame)
2026-05-26 21:13:20,348 | INFO     | PID:24916 | _print_kinematic_events:994 | [ANOMALIA] Possível lance aos 01:23 (jogador track=401, pico velocidade=16.69px/frame)
2026-05-26 21:13:20,348 | INFO     | PID:24916 | _print_kinematic_events:994 | [ANOMALIA] Possível lance aos 01:23 (jogador track=415, pico aceleracao=14.51px/frame²)
2026-05-26 21:13:20,349 | INFO     | PID:24916 | _print_kinematic_events:994 | [ANOMALIA] Possível lance aos 01:24 (jogador track=401, pico aceleracao=35.0px/frame²)
2026-05-26 21:13:20,349 | INFO     | PID:24916 | _print_kinematic_events:994 | [ANOMALIA] Possível lance aos 01:24 (jogador track=415, pico velocidade=26.04px/frame)
2026-05-26 21:13:20,349 | INFO     | PID:24916 | _print_kinematic_events:994 | [ANOMALIA] Possível lance aos 01:25 (jogador track=415, pico aceleracao=18.34px/frame²)
2026-05-26 21:13:20,349 | INFO     | PID:24916 | _print_kinematic_events:994 | [ANOMALIA] Possível lance aos 01:25 (jogador track=417, pico aceleracao=14.51px/frame²)
2026-05-26 21:13:20,349 | INFO     | PID:24916 | _print_kinematic_events:994 | [ANOMALIA] Possível lance aos 01:27 (jogador track=413, pico velocidade=43.55px/frame)
2026-05-26 21:13:20,349 | INFO     | PID:24916 | _print_kinematic_events:994 | [ANOMALIA] Possível lance aos 01:27 (jogador track=413, pico aceleracao=43.55px/frame²)
2026-05-26 21:13:20,349 | INFO     | PID:24916 | _print_kinematic_events:994 | [ANOMALIA] Possível lance aos 01:27 (jogador track=415, pico velocidade=22.77px/frame)
2026-05-26 21:13:20,349 | INFO     | PID:24916 | _print_kinematic_events:994 | [ANOMALIA] Possível lance aos 01:27 (jogador track=415, pico aceleracao=22.77px/frame²)
2026-05-26 21:13:20,349 | INFO     | PID:24916 | _print_kinematic_events:994 | [ANOMALIA] Possível lance aos 01:28 (jogador track=421, pico velocidade=79.69px/frame)
2026-05-26 21:13:20,349 | INFO     | PID:24916 | _print_kinematic_events:994 | [ANOMALIA] Possível lance aos 01:28 (jogador track=421, pico aceleracao=79.69px/frame²)
2026-05-26 21:13:20,349 | INFO     | PID:24916 | _print_kinematic_events:994 | [ANOMALIA] Possível lance aos 01:28 (jogador track=409, pico velocidade=15.07px/frame)
2026-05-26 21:13:20,349 | INFO     | PID:24916 | _print_kinematic_events:994 | [ANOMALIA] Possível lance aos 01:28 (jogador track=409, pico aceleracao=17.51px/frame²)
2026-05-26 21:13:20,349 | INFO     | PID:24916 | _print_kinematic_events:994 | [ANOMALIA] Possível lance aos 01:29 (jogador track=427, pico velocidade=15.69px/frame)
2026-05-26 21:13:20,349 | INFO     | PID:24916 | _print_kinematic_events:994 | [ANOMALIA] Possível lance aos 01:29 (jogador track=427, pico aceleracao=15.69px/frame²)
2026-05-26 21:13:20,349 | INFO     | PID:24916 | _print_kinematic_events:994 | [ANOMALIA] Possível lance aos 01:29 (jogador track=418, pico aceleracao=13.79px/frame²)
2026-05-26 21:13:20,349 | INFO     | PID:24916 | _print_kinematic_events:994 | [ANOMALIA] Possível lance aos 01:30 (jogador track=418, pico velocidade=26.5px/frame)
2026-05-26 21:13:20,349 | INFO     | PID:24916 | _print_kinematic_events:994 | [ANOMALIA] Possível lance aos 01:31 (jogador track=409, pico velocidade=24.52px/frame)
2026-05-26 21:13:20,349 | INFO     | PID:24916 | _print_kinematic_events:994 | [ANOMALIA] Possível lance aos 01:31 (jogador track=409, pico aceleracao=24.52px/frame²)
2026-05-26 21:13:20,349 | INFO     | PID:24916 | _print_kinematic_events:994 | [ANOMALIA] Possível lance aos 01:32 (jogador track=389, pico velocidade=46.5px/frame)
2026-05-26 21:13:20,349 | INFO     | PID:24916 | _print_kinematic_events:994 | [ANOMALIA] Possível lance aos 01:32 (jogador track=389, pico aceleracao=46.5px/frame²)
2026-05-26 21:13:20,349 | INFO     | PID:24916 | _print_kinematic_events:994 | [ANOMALIA] Possível lance aos 01:33 (jogador track=432, pico aceleracao=13.73px/frame²)
2026-05-26 21:13:20,349 | INFO     | PID:24916 | _print_kinematic_events:994 | [ANOMALIA] Possível lance aos 01:34 (jogador track=439, pico aceleracao=13.51px/frame²)
2026-05-26 21:13:20,350 | INFO     | PID:24916 | _print_kinematic_events:994 | [ANOMALIA] Possível lance aos 01:35 (jogador track=442, pico aceleracao=12.02px/frame²)
2026-05-26 21:13:20,350 | INFO     | PID:24916 | _print_kinematic_events:994 | [ANOMALIA] Possível lance aos 01:35 (jogador track=441, pico aceleracao=13.54px/frame²)
2026-05-26 21:13:20,350 | INFO     | PID:24916 | _print_kinematic_events:994 | [ANOMALIA] Possível lance aos 01:38 (jogador track=452, pico velocidade=19.66px/frame)
2026-05-26 21:13:20,350 | INFO     | PID:24916 | _print_kinematic_events:994 | [ANOMALIA] Possível lance aos 01:38 (jogador track=452, pico aceleracao=19.66px/frame²)
2026-05-26 21:13:20,350 | INFO     | PID:24916 | _print_kinematic_events:994 | [ANOMALIA] Possível lance aos 01:39 (jogador track=448, pico velocidade=19.56px/frame)
2026-05-26 21:13:20,350 | INFO     | PID:24916 | _print_kinematic_events:994 | [ANOMALIA] Possível lance aos 01:39 (jogador track=448, pico aceleracao=19.56px/frame²)
2026-05-26 21:13:20,350 | INFO     | PID:24916 | _print_kinematic_events:994 | [ANOMALIA] Possível lance aos 01:39 (jogador track=466, pico velocidade=24.58px/frame)
2026-05-26 21:13:20,350 | INFO     | PID:24916 | _print_kinematic_events:994 | [ANOMALIA] Possível lance aos 01:39 (jogador track=483, pico velocidade=20.02px/frame)
2026-05-26 21:13:20,350 | INFO     | PID:24916 | _print_kinematic_events:994 | [ANOMALIA] Possível lance aos 01:40 (jogador track=490, pico velocidade=19.51px/frame)
2026-05-26 21:13:20,350 | INFO     | PID:24916 | _print_kinematic_events:994 | [ANOMALIA] Possível lance aos 01:40 (jogador track=483, pico aceleracao=22.46px/frame²)
2026-05-26 21:13:20,350 | INFO     | PID:24916 | _print_kinematic_events:994 | [ANOMALIA] Possível lance aos 01:41 (jogador track=483, pico velocidade=28.16px/frame)
2026-05-26 21:13:20,350 | INFO     | PID:24916 | _print_kinematic_events:994 | [ANOMALIA] Possível lance aos 01:41 (jogador track=493, pico velocidade=31.54px/frame)
2026-05-26 21:13:20,350 | INFO     | PID:24916 | _print_kinematic_events:994 | [ANOMALIA] Possível lance aos 01:41 (jogador track=493, pico aceleracao=31.54px/frame²)
2026-05-26 21:13:20,350 | INFO     | PID:24916 | _print_kinematic_events:994 | [ANOMALIA] Possível lance aos 01:41 (jogador track=492, pico velocidade=15.01px/frame)
2026-05-26 21:13:20,350 | INFO     | PID:24916 | _print_kinematic_events:994 | [ANOMALIA] Possível lance aos 01:41 (jogador track=492, pico aceleracao=15.01px/frame²)
2026-05-26 21:13:20,350 | INFO     | PID:24916 | _print_kinematic_events:994 | [ANOMALIA] Possível lance aos 01:42 (jogador track=490, pico velocidade=24.01px/frame)
2026-05-26 21:13:20,350 | INFO     | PID:24916 | _print_kinematic_events:994 | [ANOMALIA] Possível lance aos 01:42 (jogador track=490, pico aceleracao=24.01px/frame²)
2026-05-26 21:13:20,350 | INFO     | PID:24916 | _print_kinematic_events:994 | [ANOMALIA] Possível lance aos 01:42 (jogador track=486, pico velocidade=27.57px/frame)
2026-05-26 21:13:20,350 | INFO     | PID:24916 | _print_kinematic_events:994 | [ANOMALIA] Possível lance aos 01:42 (jogador track=483, pico aceleracao=20.89px/frame²)
2026-05-26 21:13:20,350 | INFO     | PID:24916 | _print_kinematic_events:994 | [ANOMALIA] Possível lance aos 01:43 (jogador track=509, pico velocidade=38.28px/frame)
2026-05-26 21:13:20,350 | INFO     | PID:24916 | _print_kinematic_events:994 | [ANOMALIA] Possível lance aos 01:43 (jogador track=509, pico aceleracao=38.28px/frame²)
2026-05-26 21:13:20,351 | INFO     | PID:24916 | _print_kinematic_events:994 | [ANOMALIA] Possível lance aos 01:44 (jogador track=516, pico velocidade=19.6px/frame)
2026-05-26 21:13:20,351 | INFO     | PID:24916 | _print_kinematic_events:994 | [ANOMALIA] Possível lance aos 01:44 (jogador track=512, pico aceleracao=13.15px/frame²)
2026-05-26 21:13:20,351 | INFO     | PID:24916 | _print_kinematic_events:994 | [ANOMALIA] Possível lance aos 01:44 (jogador track=516, pico aceleracao=19.6px/frame²)
2026-05-26 21:13:20,351 | INFO     | PID:24916 | _print_kinematic_events:994 | [ANOMALIA] Possível lance aos 01:45 (jogador track=522, pico aceleracao=10.55px/frame²)
2026-05-26 21:13:20,351 | INFO     | PID:24916 | _print_kinematic_events:994 | [ANOMALIA] Possível lance aos 01:45 (jogador track=524, pico velocidade=21.19px/frame)
2026-05-26 21:13:20,351 | INFO     | PID:24916 | _print_kinematic_events:994 | [ANOMALIA] Possível lance aos 01:45 (jogador track=524, pico aceleracao=21.19px/frame²)
2026-05-26 21:13:20,351 | INFO     | PID:24916 | _print_kinematic_events:994 | [ANOMALIA] Possível lance aos 01:47 (jogador track=516, pico velocidade=22.2px/frame)
2026-05-26 21:13:20,351 | INFO     | PID:24916 | _print_kinematic_events:994 | [ANOMALIA] Possível lance aos 01:47 (jogador track=516, pico aceleracao=22.2px/frame²)
2026-05-26 21:13:20,351 | INFO     | PID:24916 | _print_kinematic_events:994 | [ANOMALIA] Possível lance aos 01:47 (jogador track=521, pico velocidade=84.38px/frame)
2026-05-26 21:13:20,351 | INFO     | PID:24916 | _print_kinematic_events:994 | [ANOMALIA] Possível lance aos 01:47 (jogador track=521, pico aceleracao=84.38px/frame²)
2026-05-26 21:13:20,351 | INFO     | PID:24916 | _print_kinematic_events:994 | [ANOMALIA] Possível lance aos 01:48 (jogador track=512, pico velocidade=27.83px/frame)
2026-05-26 21:13:20,351 | INFO     | PID:24916 | _print_kinematic_events:994 | [ANOMALIA] Possível lance aos 01:48 (jogador track=512, pico aceleracao=27.83px/frame²)
2026-05-26 21:13:20,351 | INFO     | PID:24916 | _print_kinematic_events:994 | [ANOMALIA] Possível lance aos 01:48 (jogador track=532, pico aceleracao=12.51px/frame²)
2026-05-26 21:13:20,351 | INFO     | PID:24916 | _print_kinematic_events:994 | [ANOMALIA] Possível lance aos 01:49 (jogador track=522, pico aceleracao=13.04px/frame²)
2026-05-26 21:13:20,351 | INFO     | PID:24916 | _print_kinematic_events:994 | [ANOMALIA] Possível lance aos 01:50 (jogador track=522, pico velocidade=15.07px/frame)
2026-05-26 21:13:20,351 | INFO     | PID:24916 | _print_kinematic_events:994 | [ANOMALIA] Possível lance aos 01:50 (jogador track=516, pico velocidade=17.8px/frame)
2026-05-26 21:13:20,351 | INFO     | PID:24916 | _print_kinematic_events:994 | [ANOMALIA] Possível lance aos 01:50 (jogador track=516, pico aceleracao=17.8px/frame²)
2026-05-26 21:13:20,351 | INFO     | PID:24916 | _print_kinematic_events:994 | [ANOMALIA] Possível lance aos 01:52 (jogador track=538, pico velocidade=19.51px/frame)
2026-05-26 21:13:20,351 | INFO     | PID:24916 | _print_kinematic_events:994 | [ANOMALIA] Possível lance aos 01:52 (jogador track=538, pico aceleracao=19.51px/frame²)
2026-05-26 21:13:20,351 | INFO     | PID:24916 | _print_kinematic_events:994 | [ANOMALIA] Possível lance aos 01:53 (jogador track=543, pico velocidade=104.73px/frame)
2026-05-26 21:13:20,351 | INFO     | PID:24916 | _print_kinematic_events:994 | [ANOMALIA] Possível lance aos 01:53 (jogador track=543, pico aceleracao=104.73px/frame²)
2026-05-26 21:13:20,352 | INFO     | PID:24916 | _print_kinematic_events:994 | [ANOMALIA] Possível lance aos 01:54 (jogador track=544, pico velocidade=21.02px/frame)
2026-05-26 21:13:20,352 | INFO     | PID:24916 | _print_kinematic_events:994 | [ANOMALIA] Possível lance aos 01:54 (jogador track=544, pico aceleracao=21.02px/frame²)
2026-05-26 21:13:20,352 | INFO     | PID:24916 | _print_kinematic_events:994 | [ANOMALIA] Possível lance aos 01:56 (jogador track=537, pico velocidade=15.01px/frame)
2026-05-26 21:13:20,352 | INFO     | PID:24916 | _print_kinematic_events:994 | [ANOMALIA] Possível lance aos 01:56 (jogador track=547, pico velocidade=18.17px/frame)
2026-05-26 21:13:20,352 | INFO     | PID:24916 | _print_kinematic_events:994 | [ANOMALIA] Possível lance aos 01:56 (jogador track=547, pico aceleracao=18.17px/frame²)
2026-05-26 21:13:20,352 | INFO     | PID:24916 | _print_kinematic_events:994 | [ANOMALIA] Possível lance aos 01:56 (jogador track=536, pico velocidade=16.0px/frame)
2026-05-26 21:13:20,352 | INFO     | PID:24916 | _print_kinematic_events:994 | [ANOMALIA] Possível lance aos 01:56 (jogador track=536, pico aceleracao=16.0px/frame²)
2026-05-26 21:13:20,352 | INFO     | PID:24916 | _print_kinematic_events:994 | [ANOMALIA] Possível lance aos 01:56 (jogador track=537, pico aceleracao=20.02px/frame²)
2026-05-26 21:13:20,352 | INFO     | PID:24916 | _print_kinematic_events:994 | [ANOMALIA] Possível lance aos 01:57 (jogador track=553, pico velocidade=31.0px/frame)
2026-05-26 21:13:20,352 | INFO     | PID:24916 | _print_kinematic_events:994 | [ANOMALIA] Possível lance aos 01:57 (jogador track=556, pico aceleracao=60.5px/frame²)
2026-05-26 21:13:20,352 | INFO     | PID:24916 | _print_kinematic_events:994 | [ANOMALIA] Possível lance aos 01:57 (jogador track=553, pico aceleracao=106.22px/frame²)
2026-05-26 21:13:20,352 | INFO     | PID:24916 | _print_kinematic_events:994 | [ANOMALIA] Possível lance aos 01:57 (jogador track=563, pico aceleracao=14.43px/frame²)
2026-05-26 21:13:20,352 | INFO     | PID:24916 | _print_kinematic_events:994 | [ANOMALIA] Possível lance aos 01:58 (jogador track=563, pico velocidade=15.13px/frame)
2026-05-26 21:13:20,352 | INFO     | PID:24916 | _print_kinematic_events:994 | [ANOMALIA] Possível lance aos 01:58 (jogador track=572, pico velocidade=29.35px/frame)
2026-05-26 21:13:20,352 | INFO     | PID:24916 | _print_kinematic_events:994 | [ANOMALIA] Possível lance aos 01:58 (jogador track=572, pico aceleracao=29.35px/frame²)
2026-05-26 21:13:20,352 | INFO     | PID:24916 | _print_kinematic_events:994 | [ANOMALIA] Possível lance aos 01:58 (jogador track=571, pico velocidade=17.56px/frame)
2026-05-26 21:13:20,352 | INFO     | PID:24916 | _print_kinematic_events:994 | [ANOMALIA] Possível lance aos 01:58 (jogador track=571, pico aceleracao=17.56px/frame²)
2026-05-26 21:13:20,352 | INFO     | PID:24916 | _print_kinematic_events:994 | [ANOMALIA] Possível lance aos 01:58 (jogador track=569, pico velocidade=45.84px/frame)
2026-05-26 21:13:20,352 | INFO     | PID:24916 | _print_kinematic_events:994 | [ANOMALIA] Possível lance aos 01:58 (jogador track=574, pico velocidade=51.87px/frame)
2026-05-26 21:13:20,352 | INFO     | PID:24916 | _print_kinematic_events:994 | [ANOMALIA] Possível lance aos 01:58 (jogador track=574, pico aceleracao=51.87px/frame²)
2026-05-26 21:13:20,352 | INFO     | PID:24916 | _print_kinematic_events:994 | [ANOMALIA] Possível lance aos 01:58 (jogador track=576, pico velocidade=71.07px/frame)
2026-05-26 21:13:20,352 | INFO     | PID:24916 | _print_kinematic_events:994 | [ANOMALIA] Possível lance aos 01:58 (jogador track=576, pico aceleracao=71.07px/frame²)
2026-05-26 21:13:20,353 | INFO     | PID:24916 | _print_kinematic_events:994 | [ANOMALIA] Possível lance aos 01:59 (jogador track=581, pico velocidade=18.25px/frame)
2026-05-26 21:13:20,353 | INFO     | PID:24916 | _print_kinematic_events:994 | [ANOMALIA] Possível lance aos 01:59 (jogador track=581, pico aceleracao=18.25px/frame²)
2026-05-26 21:13:20,353 | INFO     | PID:24916 | _print_kinematic_events:994 | [ANOMALIA] Possível lance aos 02:00 (jogador track=580, pico velocidade=35.53px/frame)
2026-05-26 21:13:20,353 | INFO     | PID:24916 | _print_kinematic_events:994 | [ANOMALIA] Possível lance aos 02:00 (jogador track=580, pico aceleracao=35.53px/frame²)
2026-05-26 21:13:20,353 | INFO     | PID:24916 | _print_kinematic_events:994 | [ANOMALIA] Possível lance aos 02:00 (jogador track=569, pico velocidade=269.75px/frame)
2026-05-26 21:13:20,353 | INFO     | PID:24916 | _print_kinematic_events:994 | [ANOMALIA] Possível lance aos 02:00 (jogador track=569, pico aceleracao=269.75px/frame²)
2026-05-26 21:13:20,353 | INFO     | PID:24916 | _print_kinematic_events:994 | [ANOMALIA] Possível lance aos 02:01 (jogador track=598, pico aceleracao=9.0px/frame²)
2026-05-26 21:13:20,353 | INFO     | PID:24916 | _print_kinematic_events:994 | [ANOMALIA] Possível lance aos 02:01 (jogador track=594, pico velocidade=30.66px/frame)
2026-05-26 21:13:20,353 | INFO     | PID:24916 | _print_kinematic_events:994 | [ANOMALIA] Possível lance aos 02:01 (jogador track=594, pico aceleracao=30.66px/frame²)
2026-05-26 21:13:20,353 | INFO     | PID:24916 | _print_kinematic_events:994 | [ANOMALIA] Possível lance aos 02:01 (jogador track=581, pico velocidade=26.04px/frame)
2026-05-26 21:13:20,353 | INFO     | PID:24916 | _print_kinematic_events:994 | [ANOMALIA] Possível lance aos 02:01 (jogador track=581, pico aceleracao=26.04px/frame²)
2026-05-26 21:13:20,353 | INFO     | PID:24916 | _print_kinematic_events:994 | [ANOMALIA] Possível lance aos 02:02 (jogador track=600, pico velocidade=31.06px/frame)
2026-05-26 21:13:20,353 | INFO     | PID:24916 | _print_kinematic_events:994 | [ANOMALIA] Possível lance aos 02:02 (jogador track=600, pico aceleracao=31.06px/frame²)
2026-05-26 21:13:20,353 | INFO     | PID:24916 | _print_kinematic_events:994 | [ANOMALIA] Possível lance aos 02:02 (jogador track=584, pico velocidade=42.24px/frame)
2026-05-26 21:13:20,353 | INFO     | PID:24916 | _print_kinematic_events:994 | [ANOMALIA] Possível lance aos 02:02 (jogador track=584, pico aceleracao=42.24px/frame²)
2026-05-26 21:13:20,354 | INFO     | PID:24916 | _print_kinematic_events:994 | [ANOMALIA] Possível lance aos 02:02 (jogador track=606, pico velocidade=50.8px/frame)
2026-05-26 21:13:20,354 | INFO     | PID:24916 | _print_kinematic_events:994 | [ANOMALIA] Possível lance aos 02:02 (jogador track=606, pico aceleracao=50.8px/frame²)
2026-05-26 21:13:20,354 | INFO     | PID:24916 | _print_kinematic_events:994 | [ANOMALIA] Possível lance aos 02:03 (jogador track=595, pico velocidade=72.78px/frame)
2026-05-26 21:13:20,354 | INFO     | PID:24916 | _print_kinematic_events:994 | [ANOMALIA] Possível lance aos 02:03 (jogador track=595, pico aceleracao=72.78px/frame²)
2026-05-26 21:13:20,354 | INFO     | PID:24916 | _print_kinematic_events:994 | [ANOMALIA] Possível lance aos 02:04 (jogador track=581, pico velocidade=27.54px/frame)
2026-05-26 21:13:20,354 | INFO     | PID:24916 | _print_kinematic_events:994 | [ANOMALIA] Possível lance aos 02:04 (jogador track=581, pico aceleracao=27.54px/frame²)
2026-05-26 21:13:20,354 | INFO     | PID:24916 | _print_kinematic_events:994 | [ANOMALIA] Possível lance aos 02:06 (jogador track=569, pico velocidade=134.66px/frame)
2026-05-26 21:13:20,354 | INFO     | PID:24916 | _print_kinematic_events:994 | [ANOMALIA] Possível lance aos 02:06 (jogador track=569, pico aceleracao=134.66px/frame²)
2026-05-26 21:13:20,354 | INFO     | PID:24916 | _print_kinematic_events:994 | [ANOMALIA] Possível lance aos 02:06 (jogador track=615, pico aceleracao=14.01px/frame²)
2026-05-26 21:13:20,354 | INFO     | PID:24916 | _print_kinematic_events:994 | [ANOMALIA] Possível lance aos 02:06 (jogador track=615, pico velocidade=17.01px/frame)
2026-05-26 21:13:20,354 | INFO     | PID:24916 | _print_kinematic_events:994 | [ANOMALIA] Possível lance aos 02:06 (jogador track=553, pico velocidade=231.08px/frame)
2026-05-26 21:13:20,354 | INFO     | PID:24916 | _print_kinematic_events:994 | [ANOMALIA] Possível lance aos 02:06 (jogador track=553, pico aceleracao=231.08px/frame²)
2026-05-26 21:13:20,354 | INFO     | PID:24916 | _print_kinematic_events:994 | [ANOMALIA] Possível lance aos 02:06 (jogador track=635, pico velocidade=20.55px/frame)
2026-05-26 21:13:20,354 | INFO     | PID:24916 | _print_kinematic_events:994 | [ANOMALIA] Possível lance aos 02:06 (jogador track=635, pico aceleracao=20.55px/frame²)
2026-05-26 21:13:20,354 | INFO     | PID:24916 | _print_kinematic_events:994 | [ANOMALIA] Possível lance aos 02:06 (jogador track=630, pico velocidade=41.01px/frame)
2026-05-26 21:13:20,354 | INFO     | PID:24916 | _print_kinematic_events:994 | [ANOMALIA] Possível lance aos 02:06 (jogador track=630, pico aceleracao=41.01px/frame²)
2026-05-26 21:13:20,354 | INFO     | PID:24916 | _print_kinematic_events:994 | [ANOMALIA] Possível lance aos 02:06 (jogador track=642, pico aceleracao=8.38px/frame²)
2026-05-26 21:13:20,354 | INFO     | PID:24916 | _print_kinematic_events:994 | [ANOMALIA] Possível lance aos 02:08 (jogador track=641, pico velocidade=83.1px/frame)
2026-05-26 21:13:20,354 | INFO     | PID:24916 | _print_kinematic_events:994 | [ANOMALIA] Possível lance aos 02:08 (jogador track=641, pico aceleracao=83.1px/frame²)
2026-05-26 21:13:20,355 | INFO     | PID:24916 | _print_kinematic_events:994 | [ANOMALIA] Possível lance aos 02:10 (jogador track=630, pico velocidade=58.11px/frame)
2026-05-26 21:13:20,355 | INFO     | PID:24916 | _print_kinematic_events:994 | [ANOMALIA] Possível lance aos 02:10 (jogador track=630, pico aceleracao=58.11px/frame²)
2026-05-26 21:13:20,355 | INFO     | PID:24916 | _print_kinematic_events:994 | [ANOMALIA] Possível lance aos 02:10 (jogador track=646, pico aceleracao=13.5px/frame²)
2026-05-26 21:13:20,355 | INFO     | PID:24916 | _print_kinematic_events:994 | [ANOMALIA] Possível lance aos 02:10 (jogador track=635, pico velocidade=16.01px/frame)
2026-05-26 21:13:20,355 | INFO     | PID:24916 | _print_kinematic_events:994 | [ANOMALIA] Possível lance aos 02:10 (jogador track=635, pico aceleracao=16.01px/frame²)
2026-05-26 21:13:20,355 | INFO     | PID:24916 | _print_kinematic_events:994 | [ANOMALIA] Possível lance aos 02:12 (jogador track=650, pico velocidade=60.21px/frame)
2026-05-26 21:13:20,355 | INFO     | PID:24916 | _print_kinematic_events:994 | [ANOMALIA] Possível lance aos 02:12 (jogador track=650, pico aceleracao=60.21px/frame²)
2026-05-26 21:13:20,355 | INFO     | PID:24916 | _print_kinematic_events:994 | [ANOMALIA] Possível lance aos 02:13 (jogador track=646, pico aceleracao=11.18px/frame²)
2026-05-26 21:13:20,355 | INFO     | PID:24916 | _print_kinematic_events:994 | [ANOMALIA] Possível lance aos 02:15 (jogador track=659, pico velocidade=27.57px/frame)
2026-05-26 21:13:20,355 | INFO     | PID:24916 | _print_kinematic_events:994 | [ANOMALIA] Possível lance aos 02:15 (jogador track=659, pico aceleracao=27.57px/frame²)
2026-05-26 21:13:20,355 | INFO     | PID:24916 | _print_kinematic_events:994 | [ANOMALIA] Possível lance aos 02:16 (jogador track=652, pico velocidade=74.64px/frame)
2026-05-26 21:13:20,355 | INFO     | PID:24916 | _print_kinematic_events:994 | [ANOMALIA] Possível lance aos 02:16 (jogador track=652, pico aceleracao=74.64px/frame²)
2026-05-26 21:13:20,355 | INFO     | PID:24916 | _print_kinematic_events:994 | [ANOMALIA] Possível lance aos 02:17 (jogador track=659, pico velocidade=34.48px/frame)
2026-05-26 21:13:20,355 | INFO     | PID:24916 | _print_kinematic_events:994 | [ANOMALIA] Possível lance aos 02:17 (jogador track=659, pico aceleracao=34.48px/frame²)
2026-05-26 21:13:20,355 | INFO     | PID:24916 | _print_kinematic_events:994 | [ANOMALIA] Possível lance aos 02:18 (jogador track=666, pico velocidade=18.74px/frame)
2026-05-26 21:13:20,355 | INFO     | PID:24916 | _print_kinematic_events:994 | [ANOMALIA] Possível lance aos 02:18 (jogador track=666, pico aceleracao=18.74px/frame²)
2026-05-26 21:13:20,355 | INFO     | PID:24916 | _print_kinematic_events:994 | [ANOMALIA] Possível lance aos 02:18 (jogador track=667, pico velocidade=44.03px/frame)
2026-05-26 21:13:20,355 | INFO     | PID:24916 | _print_kinematic_events:994 | [ANOMALIA] Possível lance aos 02:18 (jogador track=667, pico aceleracao=44.03px/frame²)
2026-05-26 21:13:20,356 | INFO     | PID:24916 | _print_kinematic_events:994 | [ANOMALIA] Possível lance aos 02:19 (jogador track=670, pico velocidade=20.81px/frame)
2026-05-26 21:13:20,356 | INFO     | PID:24916 | _print_kinematic_events:994 | [ANOMALIA] Possível lance aos 02:19 (jogador track=670, pico aceleracao=20.81px/frame²)
2026-05-26 21:13:20,356 | INFO     | PID:24916 | _print_kinematic_events:994 | [ANOMALIA] Possível lance aos 02:19 (jogador track=669, pico velocidade=31.05px/frame)
2026-05-26 21:13:20,356 | INFO     | PID:24916 | _print_kinematic_events:994 | [ANOMALIA] Possível lance aos 02:19 (jogador track=669, pico aceleracao=31.05px/frame²)
2026-05-26 21:13:20,356 | INFO     | PID:24916 | _print_kinematic_events:994 | [ANOMALIA] Possível lance aos 02:19 (jogador track=672, pico velocidade=67.78px/frame)
2026-05-26 21:13:20,356 | INFO     | PID:24916 | _print_kinematic_events:994 | [ANOMALIA] Possível lance aos 02:19 (jogador track=672, pico aceleracao=67.78px/frame²)
2026-05-26 21:13:20,356 | INFO     | PID:24916 | _print_kinematic_events:994 | [ANOMALIA] Possível lance aos 02:19 (jogador track=679, pico aceleracao=11.88px/frame²)
2026-05-26 21:13:20,356 | INFO     | PID:24916 | _print_kinematic_events:994 | [ANOMALIA] Possível lance aos 02:19 (jogador track=679, pico velocidade=16.0px/frame)
2026-05-26 21:13:20,356 | INFO     | PID:24916 | _print_kinematic_events:994 | [ANOMALIA] Possível lance aos 02:19 (jogador track=675, pico velocidade=27.0px/frame)
2026-05-26 21:13:20,356 | INFO     | PID:24916 | _print_kinematic_events:994 | [ANOMALIA] Possível lance aos 02:20 (jogador track=675, pico aceleracao=43.6px/frame²)
2026-05-26 21:13:20,356 | INFO     | PID:24916 | _print_kinematic_events:994 | [ANOMALIA] Possível lance aos 02:20 (jogador track=652, pico velocidade=132.3px/frame)
2026-05-26 21:13:20,356 | INFO     | PID:24916 | _print_kinematic_events:994 | [ANOMALIA] Possível lance aos 02:20 (jogador track=652, pico aceleracao=132.3px/frame²)
2026-05-26 21:13:20,356 | INFO     | PID:24916 | _print_kinematic_events:994 | [ANOMALIA] Possível lance aos 02:20 (jogador track=701, pico velocidade=19.51px/frame)
2026-05-26 21:13:20,356 | INFO     | PID:24916 | _print_kinematic_events:994 | [ANOMALIA] Possível lance aos 02:20 (jogador track=701, pico aceleracao=19.51px/frame²)
2026-05-26 21:13:20,356 | INFO     | PID:24916 | _print_kinematic_events:994 | [ANOMALIA] Possível lance aos 02:20 (jogador track=702, pico aceleracao=17.5px/frame²)
2026-05-26 21:13:20,356 | INFO     | PID:24916 | _print_kinematic_events:994 | [ANOMALIA] Possível lance aos 02:23 (jogador track=713, pico velocidade=27.04px/frame)
2026-05-26 21:13:20,356 | INFO     | PID:24916 | _print_kinematic_events:994 | [ANOMALIA] Possível lance aos 02:23 (jogador track=713, pico aceleracao=27.04px/frame²)
2026-05-26 21:13:20,356 | INFO     | PID:24916 | _print_kinematic_events:994 | [ANOMALIA] Possível lance aos 02:23 (jogador track=699, pico velocidade=33.0px/frame)
2026-05-26 21:13:20,357 | INFO     | PID:24916 | _print_kinematic_events:994 | [ANOMALIA] Possível lance aos 02:23 (jogador track=699, pico aceleracao=33.0px/frame²)
2026-05-26 21:13:20,357 | INFO     | PID:24916 | _print_kinematic_events:994 | [ANOMALIA] Possível lance aos 02:24 (jogador track=705, pico velocidade=18.25px/frame)
2026-05-26 21:13:20,357 | INFO     | PID:24916 | _print_kinematic_events:994 | [ANOMALIA] Possível lance aos 02:24 (jogador track=675, pico velocidade=49.5px/frame)
2026-05-26 21:13:20,357 | INFO     | PID:24916 | _print_kinematic_events:994 | [ANOMALIA] Possível lance aos 02:24 (jogador track=675, pico aceleracao=49.5px/frame²)
2026-05-26 21:13:20,357 | INFO     | PID:24916 | _print_kinematic_events:994 | [ANOMALIA] Possível lance aos 02:24 (jogador track=726, pico velocidade=17.01px/frame)
2026-05-26 21:13:20,357 | INFO     | PID:24916 | _print_kinematic_events:994 | [ANOMALIA] Possível lance aos 02:24 (jogador track=726, pico aceleracao=17.01px/frame²)
2026-05-26 21:13:20,357 | INFO     | PID:24916 | _print_kinematic_events:994 | [ANOMALIA] Possível lance aos 02:24 (jogador track=728, pico velocidade=19.1px/frame)
2026-05-26 21:13:20,357 | INFO     | PID:24916 | _print_kinematic_events:994 | [ANOMALIA] Possível lance aos 02:24 (jogador track=728, pico aceleracao=19.1px/frame²)
2026-05-26 21:13:20,357 | INFO     | PID:24916 | _print_kinematic_events:994 | [ANOMALIA] Possível lance aos 02:24 (jogador track=705, pico aceleracao=87.73px/frame²)
2026-05-26 21:13:20,357 | INFO     | PID:24916 | _print_kinematic_events:994 | [ANOMALIA] Possível lance aos 02:25 (jogador track=731, pico aceleracao=9.0px/frame²)
2026-05-26 21:13:20,357 | INFO     | PID:24916 | _print_kinematic_events:994 | [ANOMALIA] Possível lance aos 02:25 (jogador track=713, pico velocidade=17.18px/frame)
2026-05-26 21:13:20,357 | INFO     | PID:24916 | _print_kinematic_events:994 | [ANOMALIA] Possível lance aos 02:25 (jogador track=713, pico aceleracao=17.18px/frame²)
2026-05-26 21:13:20,357 | INFO     | PID:24916 | _print_kinematic_events:994 | [ANOMALIA] Possível lance aos 02:25 (jogador track=726, pico velocidade=29.03px/frame)
2026-05-26 21:13:20,357 | INFO     | PID:24916 | _print_kinematic_events:994 | [ANOMALIA] Possível lance aos 02:25 (jogador track=726, pico aceleracao=29.03px/frame²)
2026-05-26 21:13:20,357 | INFO     | PID:24916 | _print_kinematic_events:994 | [ANOMALIA] Possível lance aos 02:26 (jogador track=734, pico aceleracao=14.5px/frame²)
2026-05-26 21:13:20,357 | INFO     | PID:24916 | _print_kinematic_events:994 | [ANOMALIA] Possível lance aos 02:26 (jogador track=734, pico velocidade=19.61px/frame)
2026-05-26 21:13:20,357 | INFO     | PID:24916 | _print_kinematic_events:994 | [ANOMALIA] Possível lance aos 02:29 (jogador track=741, pico velocidade=23.0px/frame)
2026-05-26 21:13:20,357 | INFO     | PID:24916 | _print_kinematic_events:994 | [ANOMALIA] Possível lance aos 02:29 (jogador track=741, pico aceleracao=23.0px/frame²)
2026-05-26 21:13:20,358 | INFO     | PID:24916 | _print_kinematic_events:994 | [ANOMALIA] Possível lance aos 02:30 (jogador track=744, pico aceleracao=8.25px/frame²)
2026-05-26 21:13:20,358 | INFO     | PID:24916 | _print_kinematic_events:994 | [ANOMALIA] Possível lance aos 02:32 (jogador track=739, pico velocidade=16.69px/frame)
2026-05-26 21:13:20,358 | INFO     | PID:24916 | _print_kinematic_events:994 | [ANOMALIA] Possível lance aos 02:32 (jogador track=739, pico aceleracao=16.69px/frame²)
2026-05-26 21:13:20,358 | INFO     | PID:24916 | _print_kinematic_events:994 | [ANOMALIA] Possível lance aos 02:32 (jogador track=741, pico velocidade=16.62px/frame)
2026-05-26 21:13:20,358 | INFO     | PID:24916 | _print_kinematic_events:994 | [ANOMALIA] Possível lance aos 02:32 (jogador track=741, pico aceleracao=16.62px/frame²)
2026-05-26 21:13:20,358 | INFO     | PID:24916 | _print_kinematic_events:994 | [ANOMALIA] Possível lance aos 02:33 (jogador track=751, pico aceleracao=14.01px/frame²)
2026-05-26 21:13:20,358 | INFO     | PID:24916 | _print_kinematic_events:994 | [ANOMALIA] Possível lance aos 02:34 (jogador track=755, pico velocidade=33.86px/frame)
2026-05-26 21:13:20,358 | INFO     | PID:24916 | _print_kinematic_events:994 | [ANOMALIA] Possível lance aos 02:35 (jogador track=755, pico aceleracao=33.86px/frame²)
2026-05-26 21:13:20,358 | INFO     | PID:24916 | _print_kinematic_events:994 | [ANOMALIA] Possível lance aos 02:36 (jogador track=756, pico aceleracao=8.94px/frame²)
2026-05-26 21:13:20,358 | INFO     | PID:24916 | _print_kinematic_events:994 | [ANOMALIA] Possível lance aos 02:38 (jogador track=759, pico velocidade=23.31px/frame)
2026-05-26 21:13:20,358 | INFO     | PID:24916 | _print_kinematic_events:994 | [ANOMALIA] Possível lance aos 02:38 (jogador track=759, pico aceleracao=23.31px/frame²)
2026-05-26 21:13:20,358 | INFO     | PID:24916 | _print_kinematic_events:994 | [ANOMALIA] Possível lance aos 02:38 (jogador track=763, pico velocidade=19.56px/frame)
2026-05-26 21:13:20,358 | INFO     | PID:24916 | _print_kinematic_events:994 | [ANOMALIA] Possível lance aos 02:38 (jogador track=763, pico aceleracao=19.56px/frame²)
2026-05-26 21:13:20,358 | INFO     | PID:24916 | _print_kinematic_events:994 | [ANOMALIA] Possível lance aos 02:38 (jogador track=764, pico velocidade=19.53px/frame)
2026-05-26 21:13:20,358 | INFO     | PID:24916 | _print_kinematic_events:994 | [ANOMALIA] Possível lance aos 02:38 (jogador track=764, pico aceleracao=19.53px/frame²)
2026-05-26 21:13:20,358 | INFO     | PID:24916 | _print_kinematic_events:994 | [ANOMALIA] Possível lance aos 02:38 (jogador track=761, pico velocidade=27.89px/frame)
2026-05-26 21:13:20,358 | INFO     | PID:24916 | _print_kinematic_events:994 | [ANOMALIA] Possível lance aos 02:38 (jogador track=761, pico aceleracao=27.89px/frame²)
2026-05-26 21:13:20,358 | INFO     | PID:24916 | _print_kinematic_events:994 | [ANOMALIA] Possível lance aos 02:39 (jogador track=767, pico aceleracao=9.43px/frame²)
2026-05-26 21:13:20,359 | INFO     | PID:24916 | _print_kinematic_events:994 | [ANOMALIA] Possível lance aos 02:39 (jogador track=770, pico aceleracao=13.04px/frame²)
2026-05-26 21:13:20,359 | INFO     | PID:24916 | _print_kinematic_events:994 | [ANOMALIA] Possível lance aos 02:39 (jogador track=768, pico velocidade=67.76px/frame)
2026-05-26 21:13:20,359 | INFO     | PID:24916 | _print_kinematic_events:994 | [ANOMALIA] Possível lance aos 02:39 (jogador track=768, pico aceleracao=67.76px/frame²)
2026-05-26 21:13:20,359 | INFO     | PID:24916 | _print_kinematic_events:994 | [ANOMALIA] Possível lance aos 02:39 (jogador track=770, pico velocidade=21.03px/frame)
2026-05-26 21:13:20,359 | INFO     | PID:24916 | _print_kinematic_events:994 | [ANOMALIA] Possível lance aos 02:40 (jogador track=772, pico aceleracao=9.51px/frame²)
2026-05-26 21:13:20,359 | INFO     | PID:24916 | _print_kinematic_events:994 | [ANOMALIA] Possível lance aos 02:41 (jogador track=768, pico velocidade=17.24px/frame)
2026-05-26 21:13:20,359 | INFO     | PID:24916 | _print_kinematic_events:994 | [ANOMALIA] Possível lance aos 02:42 (jogador track=776, pico aceleracao=11.28px/frame²)
2026-05-26 21:13:20,359 | INFO     | PID:24916 | _print_kinematic_events:994 | [ANOMALIA] Possível lance aos 02:42 (jogador track=772, pico aceleracao=12.98px/frame²)
2026-05-26 21:13:20,359 | INFO     | PID:24916 | _print_kinematic_events:994 | [ANOMALIA] Possível lance aos 02:42 (jogador track=782, pico aceleracao=8.54px/frame²)
2026-05-26 21:13:20,359 | INFO     | PID:24916 | _print_kinematic_events:994 | [ANOMALIA] Possível lance aos 02:43 (jogador track=783, pico aceleracao=12.09px/frame²)
2026-05-26 21:13:20,359 | INFO     | PID:24916 | _print_kinematic_events:994 | [ANOMALIA] Possível lance aos 02:45 (jogador track=789, pico aceleracao=9.18px/frame²)
2026-05-26 21:13:20,359 | INFO     | PID:24916 | _print_kinematic_events:994 | [ANOMALIA] Possível lance aos 02:45 (jogador track=763, pico velocidade=15.01px/frame)
2026-05-26 21:13:20,359 | INFO     | PID:24916 | _print_kinematic_events:994 | [ANOMALIA] Possível lance aos 02:45 (jogador track=763, pico aceleracao=15.01px/frame²)
2026-05-26 21:13:20,359 | INFO     | PID:24916 | _print_kinematic_events:994 | [ANOMALIA] Possível lance aos 02:46 (jogador track=797, pico aceleracao=9.96px/frame²)
2026-05-26 21:13:20,359 | INFO     | PID:24916 | _print_kinematic_events:994 | [ANOMALIA] Possível lance aos 02:46 (jogador track=794, pico velocidade=16.01px/frame)
2026-05-26 21:13:20,359 | INFO     | PID:24916 | _print_kinematic_events:994 | [ANOMALIA] Possível lance aos 02:46 (jogador track=794, pico aceleracao=16.01px/frame²)
2026-05-26 21:13:20,359 | INFO     | PID:24916 | _print_kinematic_events:994 | [ANOMALIA] Possível lance aos 02:47 (jogador track=796, pico velocidade=15.03px/frame)
2026-05-26 21:13:20,359 | INFO     | PID:24916 | _print_kinematic_events:994 | [ANOMALIA] Possível lance aos 02:47 (jogador track=796, pico aceleracao=15.03px/frame²)
2026-05-26 21:13:20,360 | INFO     | PID:24916 | _print_kinematic_events:994 | [ANOMALIA] Possível lance aos 02:47 (jogador track=801, pico aceleracao=8.28px/frame²)
2026-05-26 21:13:20,360 | INFO     | PID:24916 | _print_kinematic_events:994 | [ANOMALIA] Possível lance aos 02:48 (jogador track=803, pico aceleracao=10.51px/frame²)
2026-05-26 21:13:20,360 | INFO     | PID:24916 | _print_kinematic_events:994 | [ANOMALIA] Possível lance aos 02:49 (jogador track=817, pico velocidade=41.3px/frame)
2026-05-26 21:13:20,360 | INFO     | PID:24916 | _print_kinematic_events:994 | [ANOMALIA] Possível lance aos 02:49 (jogador track=817, pico aceleracao=41.3px/frame²)
2026-05-26 21:13:20,360 | INFO     | PID:24916 | _print_kinematic_events:994 | [ANOMALIA] Possível lance aos 02:49 (jogador track=796, pico aceleracao=13.83px/frame²)
2026-05-26 21:13:20,360 | INFO     | PID:24916 | _print_kinematic_events:994 | [ANOMALIA] Possível lance aos 02:50 (bola track=ball_0, pico velocidade=86093.75px/frame)
2026-05-26 21:13:20,360 | INFO     | PID:24916 | _print_kinematic_events:994 | [ANOMALIA] Possível lance aos 02:50 (bola track=ball_0, pico aceleracao=86093.75px/frame²)
2026-05-26 21:13:20,360 | INFO     | PID:24916 | _print_kinematic_events:994 | [ANOMALIA] Possível lance aos 02:50 (jogador track=815, pico velocidade=22.8px/frame)
2026-05-26 21:13:20,360 | INFO     | PID:24916 | _print_kinematic_events:994 | [ANOMALIA] Possível lance aos 02:51 (jogador track=815, pico aceleracao=85.87px/frame²)
2026-05-26 21:13:20,360 | INFO     | PID:24916 | _print_kinematic_events:994 | [ANOMALIA] Possível lance aos 02:51 (jogador track=827, pico aceleracao=14.64px/frame²)
2026-05-26 21:13:20,360 | INFO     | PID:24916 | _print_kinematic_events:994 | [ANOMALIA] Possível lance aos 02:51 (jogador track=796, pico aceleracao=13.0px/frame²)
2026-05-26 21:13:20,360 | INFO     | PID:24916 | _print_kinematic_events:994 | [ANOMALIA] Possível lance aos 02:51 (jogador track=796, pico velocidade=17.68px/frame)
2026-05-26 21:13:20,360 | INFO     | PID:24916 | _print_kinematic_events:994 | [ANOMALIA] Possível lance aos 02:51 (jogador track=817, pico velocidade=15.01px/frame)
2026-05-26 21:13:20,360 | INFO     | PID:24916 | _print_kinematic_events:994 | [ANOMALIA] Possível lance aos 02:51 (jogador track=827, pico velocidade=15.44px/frame)
2026-05-26 21:13:20,360 | INFO     | PID:24916 | _print_kinematic_events:994 | [ANOMALIA] Possível lance aos 02:51 (jogador track=829, pico velocidade=37.03px/frame)
2026-05-26 21:13:20,360 | INFO     | PID:24916 | _print_kinematic_events:994 | [ANOMALIA] Possível lance aos 02:51 (jogador track=795, pico velocidade=22.02px/frame)
2026-05-26 21:13:20,360 | INFO     | PID:24916 | _print_kinematic_events:994 | [ANOMALIA] Possível lance aos 02:51 (jogador track=825, pico velocidade=18.53px/frame)
2026-05-26 21:13:20,360 | INFO     | PID:24916 | _print_kinematic_events:994 | [ANOMALIA] Possível lance aos 02:51 (jogador track=817, pico aceleracao=21.01px/frame²)
2026-05-26 21:13:20,360 | INFO     | PID:24916 | _print_kinematic_events:994 | [ANOMALIA] Possível lance aos 02:51 (jogador track=795, pico aceleracao=27.52px/frame²)
2026-05-26 21:13:20,361 | INFO     | PID:24916 | _print_kinematic_events:994 | [ANOMALIA] Possível lance aos 02:51 (jogador track=825, pico aceleracao=29.5px/frame²)
2026-05-26 21:13:20,361 | INFO     | PID:24916 | _print_kinematic_events:994 | [ANOMALIA] Possível lance aos 02:52 (jogador track=829, pico aceleracao=127.3px/frame²)
2026-05-26 21:13:20,361 | INFO     | PID:24916 | _print_kinematic_events:994 | [ANOMALIA] Possível lance aos 02:53 (jogador track=845, pico velocidade=44.6px/frame)
2026-05-26 21:13:20,361 | INFO     | PID:24916 | _print_kinematic_events:994 | [ANOMALIA] Possível lance aos 02:53 (jogador track=845, pico aceleracao=44.6px/frame²)
2026-05-26 21:13:20,361 | INFO     | PID:24916 | _print_kinematic_events:994 | [ANOMALIA] Possível lance aos 02:56 (jogador track=851, pico velocidade=30.96px/frame)
2026-05-26 21:13:20,361 | INFO     | PID:24916 | _print_kinematic_events:994 | [ANOMALIA] Possível lance aos 02:56 (jogador track=851, pico aceleracao=30.96px/frame²)
2026-05-26 21:13:20,361 | INFO     | PID:24916 | _print_kinematic_events:994 | [ANOMALIA] Possível lance aos 02:57 (jogador track=858, pico aceleracao=11.5px/frame²)
2026-05-26 21:13:20,361 | INFO     | PID:24916 | _print_kinematic_events:994 | [ANOMALIA] Possível lance aos 02:57 (jogador track=860, pico velocidade=15.07px/frame)
2026-05-26 21:13:20,361 | INFO     | PID:24916 | _print_kinematic_events:994 | [ANOMALIA] Possível lance aos 02:57 (jogador track=860, pico aceleracao=15.07px/frame²)
2026-05-26 21:13:20,361 | INFO     | PID:24916 | _print_kinematic_events:994 | [ANOMALIA] Possível lance aos 02:57 (jogador track=859, pico aceleracao=15.0px/frame²)
2026-05-26 21:13:20,361 | INFO     | PID:24916 | _print_kinematic_events:994 | [ANOMALIA] Possível lance aos 02:57 (jogador track=845, pico velocidade=35.51px/frame)
2026-05-26 21:13:20,361 | INFO     | PID:24916 | _print_kinematic_events:994 | [ANOMALIA] Possível lance aos 02:57 (jogador track=845, pico aceleracao=35.51px/frame²)
2026-05-26 21:13:20,361 | INFO     | PID:24916 | _print_kinematic_events:994 | [ANOMALIA] Possível lance aos 02:58 (jogador track=856, pico velocidade=42.69px/frame)
2026-05-26 21:13:20,361 | INFO     | PID:24916 | _print_kinematic_events:994 | [ANOMALIA] Possível lance aos 02:58 (jogador track=856, pico aceleracao=42.69px/frame²)
2026-05-26 21:13:20,361 | INFO     | PID:24916 | _print_kinematic_events:994 | [ANOMALIA] Possível lance aos 02:58 (jogador track=854, pico velocidade=23.26px/frame)
2026-05-26 21:13:20,361 | INFO     | PID:24916 | _print_kinematic_events:994 | [ANOMALIA] Possível lance aos 02:59 (jogador track=854, pico aceleracao=79.13px/frame²)
2026-05-26 21:13:20,361 | INFO     | PID:24916 | _print_kinematic_events:994 | [ANOMALIA] Possível lance aos 03:00 (jogador track=867, pico aceleracao=8.2px/frame²)
2026-05-26 21:13:20,361 | INFO     | PID:24916 | _print_kinematic_events:994 | [ANOMALIA] Possível lance aos 03:00 (jogador track=854, pico velocidade=116.07px/frame)
2026-05-26 21:13:20,362 | INFO     | PID:24916 | _print_kinematic_events:994 | [ANOMALIA] Possível lance aos 03:00 (jogador track=845, pico velocidade=86.2px/frame)
2026-05-26 21:13:20,362 | INFO     | PID:24916 | _print_kinematic_events:994 | [ANOMALIA] Possível lance aos 03:00 (jogador track=845, pico aceleracao=86.2px/frame²)
2026-05-26 21:13:20,362 | INFO     | PID:24916 | _print_kinematic_events:994 | [ANOMALIA] Possível lance aos 03:01 (jogador track=873, pico velocidade=130.88px/frame)
2026-05-26 21:13:20,362 | INFO     | PID:24916 | _print_kinematic_events:994 | [ANOMALIA] Possível lance aos 03:01 (jogador track=873, pico aceleracao=130.88px/frame²)
2026-05-26 21:13:20,362 | INFO     | PID:24916 | _print_kinematic_events:994 | [ANOMALIA] Possível lance aos 03:01 (jogador track=886, pico velocidade=23.58px/frame)
2026-05-26 21:13:20,362 | INFO     | PID:24916 | _print_kinematic_events:994 | [ANOMALIA] Possível lance aos 03:01 (jogador track=886, pico aceleracao=23.58px/frame²)
2026-05-26 21:13:20,362 | INFO     | PID:24916 | _print_kinematic_events:994 | [ANOMALIA] Possível lance aos 03:03 (jogador track=873, pico velocidade=31.48px/frame)
2026-05-26 21:13:20,362 | INFO     | PID:24916 | _print_kinematic_events:994 | [ANOMALIA] Possível lance aos 03:03 (jogador track=854, pico velocidade=21.1px/frame)
2026-05-26 21:13:20,362 | INFO     | PID:24916 | _print_kinematic_events:994 | [ANOMALIA] Possível lance aos 03:03 (jogador track=886, pico velocidade=62.03px/frame)
2026-05-26 21:13:20,362 | INFO     | PID:24916 | _print_kinematic_events:994 | [ANOMALIA] Possível lance aos 03:03 (jogador track=886, pico aceleracao=62.03px/frame²)
2026-05-26 21:13:20,362 | INFO     | PID:24916 | _print_kinematic_events:994 | [ANOMALIA] Possível lance aos 03:03 (jogador track=894, pico velocidade=25.12px/frame)
2026-05-26 21:13:20,362 | INFO     | PID:24916 | _print_kinematic_events:994 | [ANOMALIA] Possível lance aos 03:03 (jogador track=894, pico aceleracao=25.12px/frame²)
2026-05-26 21:13:20,362 | INFO     | PID:24916 | _print_kinematic_events:994 | [ANOMALIA] Possível lance aos 03:03 (jogador track=878, pico velocidade=20.01px/frame)
2026-05-26 21:13:20,362 | INFO     | PID:24916 | _print_kinematic_events:994 | [ANOMALIA] Possível lance aos 03:03 (jogador track=878, pico aceleracao=20.01px/frame²)
2026-05-26 21:13:20,362 | INFO     | PID:24916 | _print_kinematic_events:994 | [ANOMALIA] Possível lance aos 03:03 (jogador track=892, pico velocidade=34.01px/frame)
2026-05-26 21:13:20,362 | INFO     | PID:24916 | _print_kinematic_events:994 | [ANOMALIA] Possível lance aos 03:03 (jogador track=892, pico aceleracao=34.01px/frame²)
2026-05-26 21:13:20,362 | INFO     | PID:24916 | _print_kinematic_events:994 | [ANOMALIA] Possível lance aos 03:04 (jogador track=893, pico velocidade=16.62px/frame)
2026-05-26 21:13:20,362 | INFO     | PID:24916 | _print_kinematic_events:994 | [ANOMALIA] Possível lance aos 03:04 (jogador track=893, pico aceleracao=16.62px/frame²)
2026-05-26 21:13:20,363 | INFO     | PID:24916 | _print_kinematic_events:994 | [ANOMALIA] Possível lance aos 03:04 (jogador track=845, pico velocidade=23.35px/frame)
2026-05-26 21:13:20,363 | INFO     | PID:24916 | _print_kinematic_events:994 | [ANOMALIA] Possível lance aos 03:05 (jogador track=897, pico velocidade=16.01px/frame)
2026-05-26 21:13:20,363 | INFO     | PID:24916 | _print_kinematic_events:994 | [ANOMALIA] Possível lance aos 03:05 (jogador track=878, pico velocidade=16.76px/frame)
2026-05-26 21:13:20,363 | INFO     | PID:24916 | _print_kinematic_events:994 | [ANOMALIA] Possível lance aos 03:05 (jogador track=894, pico velocidade=15.89px/frame)
2026-05-26 21:13:20,363 | INFO     | PID:24916 | _print_kinematic_events:994 | [ANOMALIA] Possível lance aos 03:05 (jogador track=878, pico aceleracao=16.76px/frame²)
2026-05-26 21:13:20,363 | INFO     | PID:24916 | _print_kinematic_events:994 | [ANOMALIA] Possível lance aos 03:05 (jogador track=894, pico aceleracao=15.89px/frame²)
2026-05-26 21:13:20,363 | INFO     | PID:24916 | _print_kinematic_events:994 | [ANOMALIA] Possível lance aos 03:05 (jogador track=897, pico aceleracao=39.55px/frame²)
2026-05-26 21:13:20,363 | INFO     | PID:24916 | _print_kinematic_events:994 | [ANOMALIA] Possível lance aos 03:07 (jogador track=900, pico velocidade=17.85px/frame)
2026-05-26 21:13:20,363 | INFO     | PID:24916 | _print_kinematic_events:994 | [ANOMALIA] Possível lance aos 03:07 (jogador track=901, pico velocidade=15.88px/frame)
2026-05-26 21:13:20,363 | INFO     | PID:24916 | _print_kinematic_events:994 | [ANOMALIA] Possível lance aos 03:07 (jogador track=901, pico aceleracao=15.88px/frame²)
2026-05-26 21:13:20,363 | INFO     | PID:24916 | _print_kinematic_events:994 | [ANOMALIA] Possível lance aos 03:07 (jogador track=903, pico velocidade=331.41px/frame)
2026-05-26 21:13:20,363 | INFO     | PID:24916 | _print_kinematic_events:994 | [ANOMALIA] Possível lance aos 03:07 (jogador track=903, pico aceleracao=331.41px/frame²)
2026-05-26 21:13:20,363 | INFO     | PID:24916 | _print_kinematic_events:994 | [ANOMALIA] Possível lance aos 03:07 (jogador track=900, pico aceleracao=28.64px/frame²)
2026-05-26 21:13:20,363 | INFO     | PID:24916 | _print_kinematic_events:994 | [ANOMALIA] Possível lance aos 03:07 (jogador track=910, pico velocidade=33.14px/frame)
2026-05-26 21:13:20,363 | INFO     | PID:24916 | _print_kinematic_events:994 | [ANOMALIA] Possível lance aos 03:07 (jogador track=910, pico aceleracao=33.14px/frame²)
2026-05-26 21:13:20,363 | INFO     | PID:24916 | _print_kinematic_events:994 | [ANOMALIA] Possível lance aos 03:09 (jogador track=902, pico velocidade=47.46px/frame)
2026-05-26 21:13:20,363 | INFO     | PID:24916 | _print_kinematic_events:994 | [ANOMALIA] Possível lance aos 03:09 (jogador track=902, pico aceleracao=47.46px/frame²)
2026-05-26 21:13:20,363 | INFO     | PID:24916 | _print_kinematic_events:994 | [ANOMALIA] Possível lance aos 03:10 (jogador track=900, pico velocidade=19.5px/frame)
2026-05-26 21:13:20,364 | INFO     | PID:24916 | _print_kinematic_events:994 | [ANOMALIA] Possível lance aos 03:10 (jogador track=924, pico aceleracao=13.01px/frame²)
2026-05-26 21:13:20,364 | INFO     | PID:24916 | _print_kinematic_events:994 | [ANOMALIA] Possível lance aos 03:10 (jogador track=926, pico aceleracao=12.54px/frame²)
2026-05-26 21:13:20,364 | INFO     | PID:24916 | _print_kinematic_events:994 | [ANOMALIA] Possível lance aos 03:10 (jogador track=900, pico aceleracao=33.68px/frame²)
2026-05-26 21:13:20,364 | INFO     | PID:24916 | _print_kinematic_events:994 | [ANOMALIA] Possível lance aos 03:10 (jogador track=909, pico velocidade=26.93px/frame)
2026-05-26 21:13:20,364 | INFO     | PID:24916 | _print_kinematic_events:994 | [ANOMALIA] Possível lance aos 03:10 (jogador track=909, pico aceleracao=26.93px/frame²)
2026-05-26 21:13:20,364 | INFO     | PID:24916 | _print_kinematic_events:994 | [ANOMALIA] Possível lance aos 03:12 (jogador track=909, pico velocidade=50.12px/frame)
2026-05-26 21:13:20,364 | INFO     | PID:24916 | _print_kinematic_events:994 | [ANOMALIA] Possível lance aos 03:12 (jogador track=909, pico aceleracao=50.12px/frame²)
2026-05-26 21:13:20,364 | INFO     | PID:24916 | _print_kinematic_events:994 | [ANOMALIA] Possível lance aos 03:12 (jogador track=902, pico velocidade=15.01px/frame)
2026-05-26 21:13:20,364 | INFO     | PID:24916 | _print_kinematic_events:994 | [ANOMALIA] Possível lance aos 03:12 (jogador track=938, pico velocidade=71.49px/frame)
2026-05-26 21:13:20,364 | INFO     | PID:24916 | _print_kinematic_events:994 | [ANOMALIA] Possível lance aos 03:12 (jogador track=902, pico aceleracao=15.01px/frame²)
2026-05-26 21:13:20,364 | INFO     | PID:24916 | _print_kinematic_events:994 | [ANOMALIA] Possível lance aos 03:12 (jogador track=938, pico aceleracao=71.49px/frame²)
2026-05-26 21:13:20,364 | INFO     | PID:24916 | _print_kinematic_events:994 | [ANOMALIA] Possível lance aos 03:12 (jogador track=900, pico velocidade=19.0px/frame)
2026-05-26 21:13:20,364 | INFO     | PID:24916 | _print_kinematic_events:994 | [ANOMALIA] Possível lance aos 03:12 (jogador track=904, pico velocidade=17.0px/frame)
2026-05-26 21:13:20,364 | INFO     | PID:24916 | _print_kinematic_events:994 | [ANOMALIA] Possível lance aos 03:12 (jogador track=920, pico aceleracao=11.51px/frame²)
2026-05-26 21:13:20,364 | INFO     | PID:24916 | _print_kinematic_events:994 | [ANOMALIA] Possível lance aos 03:12 (jogador track=900, pico aceleracao=24.51px/frame²)
2026-05-26 21:13:20,364 | INFO     | PID:24916 | _print_kinematic_events:994 | [ANOMALIA] Possível lance aos 03:12 (jogador track=920, pico velocidade=24.19px/frame)
2026-05-26 21:13:20,364 | INFO     | PID:24916 | _print_kinematic_events:994 | [ANOMALIA] Possível lance aos 03:12 (jogador track=943, pico velocidade=21.29px/frame)
2026-05-26 21:13:20,364 | INFO     | PID:24916 | _print_kinematic_events:994 | [ANOMALIA] Possível lance aos 03:12 (jogador track=943, pico aceleracao=21.29px/frame²)
2026-05-26 21:13:20,364 | INFO     | PID:24916 | _print_kinematic_events:994 | [ANOMALIA] Possível lance aos 03:13 (jogador track=950, pico velocidade=39.51px/frame)
2026-05-26 21:13:20,365 | INFO     | PID:24916 | _print_kinematic_events:994 | [ANOMALIA] Possível lance aos 03:13 (jogador track=950, pico aceleracao=39.51px/frame²)
2026-05-26 21:13:20,365 | INFO     | PID:24916 | _print_kinematic_events:994 | [ANOMALIA] Possível lance aos 03:13 (jogador track=904, pico aceleracao=41.86px/frame²)
2026-05-26 21:13:20,365 | INFO     | PID:24916 | _print_kinematic_events:994 | [ANOMALIA] Possível lance aos 03:13 (jogador track=952, pico velocidade=18.53px/frame)
2026-05-26 21:13:20,365 | INFO     | PID:24916 | _print_kinematic_events:994 | [ANOMALIA] Possível lance aos 03:13 (jogador track=952, pico aceleracao=18.53px/frame²)
2026-05-26 21:13:20,365 | INFO     | PID:24916 | _print_kinematic_events:994 | [ANOMALIA] Possível lance aos 03:14 (jogador track=904, pico velocidade=20.5px/frame)
2026-05-26 21:13:20,365 | INFO     | PID:24916 | _print_kinematic_events:994 | [ANOMALIA] Possível lance aos 03:15 (jogador track=955, pico velocidade=151.1px/frame)
2026-05-26 21:13:20,365 | INFO     | PID:24916 | _print_kinematic_events:994 | [ANOMALIA] Possível lance aos 03:15 (jogador track=955, pico aceleracao=151.1px/frame²)
2026-05-26 21:13:20,365 | INFO     | PID:24916 | _print_kinematic_events:994 | [ANOMALIA] Possível lance aos 03:15 (jogador track=904, pico aceleracao=102.01px/frame²)
2026-05-26 21:13:20,365 | INFO     | PID:24916 | _print_kinematic_events:994 | [ANOMALIA] Possível lance aos 03:16 (jogador track=979, pico velocidade=17.5px/frame)
2026-05-26 21:13:20,365 | INFO     | PID:24916 | _print_kinematic_events:994 | [ANOMALIA] Possível lance aos 03:16 (jogador track=979, pico aceleracao=17.5px/frame²)
2026-05-26 21:13:20,365 | INFO     | PID:24916 | _print_kinematic_events:994 | [ANOMALIA] Possível lance aos 03:16 (jogador track=975, pico aceleracao=12.08px/frame²)
2026-05-26 21:13:20,365 | INFO     | PID:24916 | _print_kinematic_events:994 | [ANOMALIA] Possível lance aos 03:16 (jogador track=904, pico velocidade=29.33px/frame)
2026-05-26 21:13:20,365 | INFO     | PID:24916 | _print_kinematic_events:994 | [ANOMALIA] Possível lance aos 03:17 (jogador track=982, pico velocidade=23.51px/frame)
2026-05-26 21:13:20,365 | INFO     | PID:24916 | _print_kinematic_events:994 | [ANOMALIA] Possível lance aos 03:17 (jogador track=982, pico aceleracao=23.51px/frame²)
2026-05-26 21:13:20,365 | INFO     | PID:24916 | _print_kinematic_events:994 | [ANOMALIA] Possível lance aos 03:18 (jogador track=955, pico velocidade=48.0px/frame)
2026-05-26 21:13:20,365 | INFO     | PID:24916 | _print_kinematic_events:994 | [ANOMALIA] Possível lance aos 03:18 (jogador track=955, pico aceleracao=48.0px/frame²)
2026-05-26 21:13:20,365 | INFO     | PID:24916 | _print_kinematic_events:994 | [ANOMALIA] Possível lance aos 03:18 (jogador track=960, pico velocidade=144.94px/frame)
2026-05-26 21:13:20,366 | INFO     | PID:24916 | _print_kinematic_events:994 | [ANOMALIA] Possível lance aos 03:18 (jogador track=960, pico aceleracao=144.94px/frame²)
2026-05-26 21:13:20,366 | INFO     | PID:24916 | _print_kinematic_events:994 | [ANOMALIA] Possível lance aos 03:18 (jogador track=979, pico velocidade=16.01px/frame)
2026-05-26 21:13:20,366 | INFO     | PID:24916 | _print_kinematic_events:994 | [ANOMALIA] Possível lance aos 03:18 (jogador track=979, pico aceleracao=16.01px/frame²)
2026-05-26 21:13:20,366 | INFO     | PID:24916 | _print_kinematic_events:994 | [ANOMALIA] Possível lance aos 03:19 (jogador track=986, pico aceleracao=12.04px/frame²)
2026-05-26 21:13:20,366 | INFO     | PID:24916 | _print_kinematic_events:994 | [ANOMALIA] Possível lance aos 03:19 (jogador track=904, pico velocidade=47.46px/frame)
2026-05-26 21:13:20,366 | INFO     | PID:24916 | _print_kinematic_events:994 | [ANOMALIA] Possível lance aos 03:19 (jogador track=904, pico aceleracao=47.46px/frame²)
2026-05-26 21:13:20,366 | INFO     | PID:24916 | _print_kinematic_events:994 | [ANOMALIA] Possível lance aos 03:19 (jogador track=955, pico velocidade=53.37px/frame)
2026-05-26 21:13:20,366 | INFO     | PID:24916 | _print_kinematic_events:994 | [ANOMALIA] Possível lance aos 03:19 (jogador track=955, pico aceleracao=53.37px/frame²)
2026-05-26 21:13:20,366 | INFO     | PID:24916 | _print_kinematic_events:994 | [ANOMALIA] Possível lance aos 03:20 (jogador track=985, pico velocidade=24.52px/frame)
2026-05-26 21:13:20,366 | INFO     | PID:24916 | _print_kinematic_events:994 | [ANOMALIA] Possível lance aos 03:20 (jogador track=985, pico aceleracao=24.52px/frame²)
2026-05-26 21:13:20,366 | INFO     | PID:24916 | _print_kinematic_events:994 | [ANOMALIA] Possível lance aos 03:21 (jogador track=904, pico velocidade=70.52px/frame)
2026-05-26 21:13:20,366 | INFO     | PID:24916 | _print_kinematic_events:994 | [ANOMALIA] Possível lance aos 03:21 (jogador track=904, pico aceleracao=70.52px/frame²)
2026-05-26 21:13:20,366 | INFO     | PID:24916 | _print_kinematic_events:994 | [ANOMALIA] Possível lance aos 03:21 (jogador track=988, pico velocidade=17.26px/frame)
2026-05-26 21:13:20,366 | INFO     | PID:24916 | _print_kinematic_events:994 | [ANOMALIA] Possível lance aos 03:21 (jogador track=988, pico aceleracao=18.82px/frame²)
2026-05-26 21:13:20,366 | INFO     | PID:24916 | _print_kinematic_events:994 | [ANOMALIA] Possível lance aos 03:22 (jogador track=992, pico velocidade=18.5px/frame)
2026-05-26 21:13:20,366 | INFO     | PID:24916 | _print_kinematic_events:994 | [ANOMALIA] Possível lance aos 03:22 (jogador track=992, pico aceleracao=18.5px/frame²)
2026-05-26 21:13:20,366 | INFO     | PID:24916 | _print_kinematic_events:994 | [ANOMALIA] Possível lance aos 03:23 (jogador track=993, pico velocidade=23.29px/frame)
2026-05-26 21:13:20,366 | INFO     | PID:24916 | _print_kinematic_events:994 | [ANOMALIA] Possível lance aos 03:23 (jogador track=993, pico aceleracao=33.68px/frame²)
2026-05-26 21:13:20,367 | INFO     | PID:24916 | _print_kinematic_events:994 | [ANOMALIA] Possível lance aos 03:23 (jogador track=994, pico aceleracao=8.5px/frame²)
2026-05-26 21:13:20,367 | INFO     | PID:24916 | _print_kinematic_events:994 | [ANOMALIA] Possível lance aos 03:23 (jogador track=990, pico velocidade=107.8px/frame)
2026-05-26 21:13:20,367 | INFO     | PID:24916 | _print_kinematic_events:994 | [ANOMALIA] Possível lance aos 03:23 (jogador track=990, pico aceleracao=107.8px/frame²)
2026-05-26 21:13:20,367 | INFO     | PID:24916 | _print_kinematic_events:994 | [ANOMALIA] Possível lance aos 03:23 (jogador track=996, pico aceleracao=9.43px/frame²)
2026-05-26 21:13:20,367 | INFO     | PID:24916 | _print_kinematic_events:994 | [ANOMALIA] Possível lance aos 03:23 (jogador track=1001, pico aceleracao=14.92px/frame²)
2026-05-26 21:13:20,367 | INFO     | PID:24916 | _print_kinematic_events:994 | [ANOMALIA] Possível lance aos 03:24 (jogador track=988, pico velocidade=18.2px/frame)
2026-05-26 21:13:20,367 | INFO     | PID:24916 | _print_kinematic_events:994 | [ANOMALIA] Possível lance aos 03:24 (jogador track=988, pico aceleracao=18.2px/frame²)
2026-05-26 21:13:20,367 | INFO     | PID:24916 | _print_kinematic_events:994 | [ANOMALIA] Possível lance aos 03:26 (jogador track=1003, pico velocidade=21.78px/frame)
2026-05-26 21:13:20,367 | INFO     | PID:24916 | _print_kinematic_events:994 | [ANOMALIA] Possível lance aos 03:26 (jogador track=1003, pico aceleracao=21.78px/frame²)
2026-05-26 21:13:20,367 | INFO     | PID:24916 | _print_kinematic_events:994 | [ANOMALIA] Possível lance aos 03:28 (jogador track=1009, pico aceleracao=8.08px/frame²)
2026-05-26 21:13:20,367 | INFO     | PID:24916 | _print_kinematic_events:994 | [ANOMALIA] Possível lance aos 03:34 (jogador track=1017, pico velocidade=17.27px/frame)
2026-05-26 21:13:20,367 | INFO     | PID:24916 | _print_kinematic_events:994 | [ANOMALIA] Possível lance aos 03:34 (jogador track=1017, pico aceleracao=17.27px/frame²)
2026-05-26 21:13:20,367 | INFO     | PID:24916 | _print_kinematic_events:994 | [ANOMALIA] Possível lance aos 03:34 (jogador track=1020, pico aceleracao=8.28px/frame²)
2026-05-26 21:13:20,367 | INFO     | PID:24916 | _print_kinematic_events:994 | [ANOMALIA] Possível lance aos 03:35 (jogador track=1014, pico velocidade=118.75px/frame)
2026-05-26 21:13:20,367 | INFO     | PID:24916 | _print_kinematic_events:994 | [ANOMALIA] Possível lance aos 03:35 (jogador track=1014, pico aceleracao=118.75px/frame²)
2026-05-26 21:13:20,367 | INFO     | PID:24916 | _print_kinematic_events:994 | [ANOMALIA] Possível lance aos 03:35 (jogador track=1027, pico aceleracao=14.6px/frame²)
2026-05-26 21:13:20,367 | INFO     | PID:24916 | _print_kinematic_events:994 | [ANOMALIA] Possível lance aos 03:35 (jogador track=1030, pico velocidade=55.33px/frame)
2026-05-26 21:13:20,367 | INFO     | PID:24916 | _print_kinematic_events:994 | [ANOMALIA] Possível lance aos 03:35 (jogador track=1030, pico aceleracao=55.33px/frame²)
2026-05-26 21:13:20,367 | INFO     | PID:24916 | _print_kinematic_events:994 | [ANOMALIA] Possível lance aos 03:35 (jogador track=1028, pico aceleracao=9.06px/frame²)
2026-05-26 21:13:20,368 | INFO     | PID:24916 | _print_kinematic_events:994 | [ANOMALIA] Possível lance aos 03:36 (jogador track=1027, pico velocidade=15.63px/frame)
2026-05-26 21:13:20,368 | INFO     | PID:24916 | _print_kinematic_events:994 | [ANOMALIA] Possível lance aos 03:40 (jogador track=1041, pico aceleracao=8.51px/frame²)
2026-05-26 21:13:20,368 | INFO     | PID:24916 | _print_kinematic_events:994 | [ANOMALIA] Possível lance aos 03:40 (jogador track=1024, pico velocidade=15.03px/frame)
2026-05-26 21:13:20,368 | INFO     | PID:24916 | _print_kinematic_events:994 | [ANOMALIA] Possível lance aos 03:40 (jogador track=1048, pico velocidade=16.01px/frame)
2026-05-26 21:13:20,368 | INFO     | PID:24916 | _print_kinematic_events:994 | [ANOMALIA] Possível lance aos 03:40 (jogador track=1033, pico velocidade=16.03px/frame)
2026-05-26 21:13:20,368 | INFO     | PID:24916 | _print_kinematic_events:994 | [ANOMALIA] Possível lance aos 03:40 (jogador track=1035, pico velocidade=16.28px/frame)
2026-05-26 21:13:20,368 | INFO     | PID:24916 | _print_kinematic_events:994 | [ANOMALIA] Possível lance aos 03:40 (jogador track=1024, pico aceleracao=20.02px/frame²)
2026-05-26 21:13:20,368 | INFO     | PID:24916 | _print_kinematic_events:994 | [ANOMALIA] Possível lance aos 03:40 (jogador track=1033, pico aceleracao=16.03px/frame²)
2026-05-26 21:13:20,368 | INFO     | PID:24916 | _print_kinematic_events:994 | [ANOMALIA] Possível lance aos 03:40 (jogador track=1035, pico aceleracao=16.28px/frame²)
2026-05-26 21:13:20,368 | INFO     | PID:24916 | _print_kinematic_events:994 | [ANOMALIA] Possível lance aos 03:40 (jogador track=1048, pico aceleracao=19.51px/frame²)
2026-05-26 21:13:20,368 | INFO     | PID:24916 | _print_kinematic_events:994 | [ANOMALIA] Possível lance aos 03:41 (jogador track=1049, pico velocidade=37.2px/frame)
2026-05-26 21:13:20,368 | INFO     | PID:24916 | _print_kinematic_events:994 | [ANOMALIA] Possível lance aos 03:41 (jogador track=1055, pico velocidade=20.02px/frame)
2026-05-26 21:13:20,368 | INFO     | PID:24916 | _print_kinematic_events:994 | [ANOMALIA] Possível lance aos 03:41 (jogador track=1049, pico aceleracao=37.2px/frame²)
2026-05-26 21:13:20,368 | INFO     | PID:24916 | _print_kinematic_events:994 | [ANOMALIA] Possível lance aos 03:41 (jogador track=1055, pico aceleracao=20.02px/frame²)
2026-05-26 21:13:20,368 | INFO     | PID:24916 | _print_kinematic_events:994 | [ANOMALIA] Possível lance aos 03:41 (jogador track=1057, pico aceleracao=13.51px/frame²)
2026-05-26 21:13:20,368 | INFO     | PID:24916 | _print_kinematic_events:994 | [ANOMALIA] Possível lance aos 03:41 (jogador track=1060, pico aceleracao=12.65px/frame²)
2026-05-26 21:13:20,368 | INFO     | PID:24916 | _print_kinematic_events:994 | [ANOMALIA] Possível lance aos 03:42 (jogador track=1060, pico velocidade=15.51px/frame)
2026-05-26 21:13:20,368 | INFO     | PID:24916 | _print_kinematic_events:994 | [ANOMALIA] Possível lance aos 03:42 (jogador track=1070, pico velocidade=27.12px/frame)
2026-05-26 21:13:20,369 | INFO     | PID:24916 | _print_kinematic_events:994 | [ANOMALIA] Possível lance aos 03:43 (jogador track=1065, pico velocidade=35.11px/frame)
2026-05-26 21:13:20,369 | INFO     | PID:24916 | _print_kinematic_events:994 | [ANOMALIA] Possível lance aos 03:43 (jogador track=1065, pico aceleracao=35.11px/frame²)
2026-05-26 21:13:20,369 | INFO     | PID:24916 | _print_kinematic_events:994 | [ANOMALIA] Possível lance aos 03:43 (jogador track=1055, pico velocidade=39.7px/frame)
2026-05-26 21:13:20,369 | INFO     | PID:24916 | _print_kinematic_events:994 | [ANOMALIA] Possível lance aos 03:43 (jogador track=1055, pico aceleracao=39.7px/frame²)
2026-05-26 21:13:20,369 | INFO     | PID:24916 | _print_kinematic_events:994 | [ANOMALIA] Possível lance aos 03:45 (jogador track=1060, pico aceleracao=12.54px/frame²)
2026-05-26 21:13:20,369 | INFO     | PID:24916 | _print_kinematic_events:994 | [ANOMALIA] Possível lance aos 03:45 (jogador track=1077, pico velocidade=20.16px/frame)
2026-05-26 21:13:20,369 | INFO     | PID:24916 | _print_kinematic_events:994 | [ANOMALIA] Possível lance aos 03:45 (jogador track=1077, pico aceleracao=20.16px/frame²)
2026-05-26 21:13:20,369 | INFO     | PID:24916 | _print_kinematic_events:994 | [ANOMALIA] Possível lance aos 03:45 (jogador track=1084, pico velocidade=24.55px/frame)
2026-05-26 21:13:20,369 | INFO     | PID:24916 | _print_kinematic_events:994 | [ANOMALIA] Possível lance aos 03:45 (jogador track=1084, pico aceleracao=24.55px/frame²)
2026-05-26 21:13:20,369 | INFO     | PID:24916 | _print_kinematic_events:994 | [ANOMALIA] Possível lance aos 03:47 (jogador track=1055, pico velocidade=56.5px/frame)
2026-05-26 21:13:20,369 | INFO     | PID:24916 | _print_kinematic_events:994 | [ANOMALIA] Possível lance aos 03:47 (jogador track=1055, pico aceleracao=56.5px/frame²)
2026-05-26 21:13:20,369 | INFO     | PID:24916 | _print_kinematic_events:994 | [ANOMALIA] Possível lance aos 03:47 (jogador track=1085, pico velocidade=53.56px/frame)
2026-05-26 21:13:20,369 | INFO     | PID:24916 | _print_kinematic_events:994 | [ANOMALIA] Possível lance aos 03:47 (jogador track=1085, pico aceleracao=53.56px/frame²)
2026-05-26 21:13:20,369 | INFO     | PID:24916 | _print_kinematic_events:994 | [ANOMALIA] Possível lance aos 03:47 (jogador track=1093, pico velocidade=66.68px/frame)
2026-05-26 21:13:20,369 | INFO     | PID:24916 | _print_kinematic_events:994 | [ANOMALIA] Possível lance aos 03:47 (jogador track=1093, pico aceleracao=66.68px/frame²)
2026-05-26 21:13:20,369 | INFO     | PID:24916 | _print_kinematic_events:994 | [ANOMALIA] Possível lance aos 03:47 (jogador track=1089, pico aceleracao=13.6px/frame²)
2026-05-26 21:13:20,369 | INFO     | PID:24916 | _print_kinematic_events:994 | [ANOMALIA] Possível lance aos 03:47 (jogador track=1096, pico velocidade=27.21px/frame)
2026-05-26 21:13:20,370 | INFO     | PID:24916 | _print_kinematic_events:994 | [ANOMALIA] Possível lance aos 03:47 (jogador track=1096, pico aceleracao=27.21px/frame²)
2026-05-26 21:13:20,370 | INFO     | PID:24916 | _print_kinematic_events:994 | [ANOMALIA] Possível lance aos 03:47 (jogador track=1091, pico velocidade=81.04px/frame)
2026-05-26 21:13:20,370 | INFO     | PID:24916 | _print_kinematic_events:994 | [ANOMALIA] Possível lance aos 03:47 (jogador track=1091, pico aceleracao=81.04px/frame²)
2026-05-26 21:13:20,370 | INFO     | PID:24916 | _print_kinematic_events:994 | [ANOMALIA] Possível lance aos 03:48 (jogador track=1098, pico aceleracao=12.75px/frame²)
2026-05-26 21:13:20,370 | INFO     | PID:24916 | _print_kinematic_events:994 | [ANOMALIA] Possível lance aos 03:50 (jogador track=1102, pico aceleracao=8.14px/frame²)
2026-05-26 21:13:20,370 | INFO     | PID:24916 | _print_kinematic_events:994 | [ANOMALIA] Possível lance aos 03:51 (jogador track=1101, pico velocidade=22.59px/frame)
2026-05-26 21:13:20,370 | INFO     | PID:24916 | _print_kinematic_events:994 | [ANOMALIA] Possível lance aos 03:51 (jogador track=1101, pico aceleracao=22.59px/frame²)
2026-05-26 21:13:20,370 | INFO     | PID:24916 | _print_kinematic_events:994 | [ANOMALIA] Possível lance aos 03:51 (jogador track=1103, pico velocidade=40.2px/frame)
2026-05-26 21:13:20,370 | INFO     | PID:24916 | _print_kinematic_events:994 | [ANOMALIA] Possível lance aos 03:51 (jogador track=1103, pico aceleracao=40.2px/frame²)
2026-05-26 21:13:20,370 | INFO     | PID:24916 | _print_kinematic_events:994 | [ANOMALIA] Possível lance aos 03:51 (jogador track=1105, pico velocidade=19.81px/frame)
2026-05-26 21:13:20,370 | INFO     | PID:24916 | _print_kinematic_events:994 | [ANOMALIA] Possível lance aos 03:51 (jogador track=1105, pico aceleracao=19.81px/frame²)
2026-05-26 21:13:20,370 | INFO     | PID:24916 | _print_kinematic_events:994 | [ANOMALIA] Possível lance aos 03:52 (jogador track=1108, pico aceleracao=13.46px/frame²)
2026-05-26 21:13:20,370 | INFO     | PID:24916 | _print_kinematic_events:994 | [ANOMALIA] Possível lance aos 03:52 (jogador track=1110, pico velocidade=15.01px/frame)
2026-05-26 21:13:20,370 | INFO     | PID:24916 | _print_kinematic_events:994 | [ANOMALIA] Possível lance aos 03:52 (jogador track=1106, pico velocidade=37.98px/frame)
2026-05-26 21:13:20,370 | INFO     | PID:24916 | _print_kinematic_events:994 | [ANOMALIA] Possível lance aos 03:52 (jogador track=1106, pico aceleracao=37.98px/frame²)
2026-05-26 21:13:20,370 | INFO     | PID:24916 | _print_kinematic_events:994 | [ANOMALIA] Possível lance aos 03:53 (jogador track=1107, pico velocidade=46.32px/frame)
2026-05-26 21:13:20,370 | INFO     | PID:24916 | _print_kinematic_events:994 | [ANOMALIA] Possível lance aos 03:53 (jogador track=1107, pico aceleracao=46.32px/frame²)
2026-05-26 21:13:20,370 | INFO     | PID:24916 | _print_kinematic_events:994 | [ANOMALIA] Possível lance aos 03:54 (jogador track=1101, pico velocidade=26.02px/frame)
2026-05-26 21:13:20,370 | INFO     | PID:24916 | _print_kinematic_events:994 | [ANOMALIA] Possível lance aos 03:54 (jogador track=1101, pico aceleracao=26.02px/frame²)
2026-05-26 21:13:20,370 | INFO     | PID:24916 | _print_kinematic_events:994 | [ANOMALIA] Possível lance aos 03:57 (jogador track=1126, pico velocidade=23.16px/frame)
2026-05-26 21:13:20,370 | INFO     | PID:24916 | _print_kinematic_events:994 | [ANOMALIA] Possível lance aos 03:57 (jogador track=1126, pico aceleracao=23.16px/frame²)
2026-05-26 21:13:20,371 | INFO     | PID:24916 | _print_kinematic_events:994 | [ANOMALIA] Possível lance aos 03:58 (jogador track=1130, pico velocidade=33.5px/frame)
2026-05-26 21:13:20,371 | INFO     | PID:24916 | _print_kinematic_events:994 | [ANOMALIA] Possível lance aos 03:58 (jogador track=1130, pico aceleracao=33.5px/frame²)
2026-05-26 21:13:20,371 | INFO     | PID:24916 | _print_kinematic_events:994 | [ANOMALIA] Possível lance aos 03:58 (jogador track=1129, pico velocidade=31.71px/frame)
2026-05-26 21:13:20,371 | INFO     | PID:24916 | _print_kinematic_events:994 | [ANOMALIA] Possível lance aos 03:58 (jogador track=1129, pico aceleracao=31.71px/frame²)
2026-05-26 21:13:20,371 | INFO     | PID:24916 | _print_kinematic_events:994 | [ANOMALIA] Possível lance aos 03:59 (jogador track=1138, pico velocidade=45.5px/frame)
2026-05-26 21:13:20,371 | INFO     | PID:24916 | _print_kinematic_events:994 | [ANOMALIA] Possível lance aos 03:59 (jogador track=1138, pico aceleracao=45.5px/frame²)
2026-05-26 21:13:20,371 | INFO     | PID:24916 | _print_kinematic_events:994 | [ANOMALIA] Possível lance aos 03:59 (jogador track=1132, pico velocidade=29.61px/frame)
2026-05-26 21:13:20,371 | INFO     | PID:24916 | _print_kinematic_events:994 | [ANOMALIA] Possível lance aos 03:59 (jogador track=1132, pico aceleracao=29.61px/frame²)
2026-05-26 21:13:20,371 | INFO     | PID:24916 | _print_kinematic_events:994 | [ANOMALIA] Possível lance aos 04:00 (jogador track=1142, pico aceleracao=12.51px/frame²)
2026-05-26 21:13:20,371 | INFO     | PID:24916 | _print_kinematic_events:994 | [ANOMALIA] Possível lance aos 04:00 (jogador track=1134, pico velocidade=32.56px/frame)
2026-05-26 21:13:20,371 | INFO     | PID:24916 | _print_kinematic_events:994 | [ANOMALIA] Possível lance aos 04:00 (jogador track=1134, pico aceleracao=32.56px/frame²)
2026-05-26 21:13:20,371 | INFO     | PID:24916 | _print_kinematic_events:994 | [ANOMALIA] Possível lance aos 04:01 (jogador track=1144, pico velocidade=56.44px/frame)
2026-05-26 21:13:20,371 | INFO     | PID:24916 | _print_kinematic_events:994 | [ANOMALIA] Possível lance aos 04:01 (jogador track=1144, pico aceleracao=56.44px/frame²)
2026-05-26 21:13:20,371 | INFO     | PID:24916 | _print_kinematic_events:994 | [ANOMALIA] Possível lance aos 04:02 (jogador track=1150, pico velocidade=25.48px/frame)
2026-05-26 21:13:20,371 | INFO     | PID:24916 | _print_kinematic_events:994 | [ANOMALIA] Possível lance aos 04:02 (jogador track=1150, pico aceleracao=25.48px/frame²)
2026-05-26 21:13:20,371 | INFO     | PID:24916 | _print_kinematic_events:994 | [ANOMALIA] Possível lance aos 04:02 (jogador track=1142, pico aceleracao=11.54px/frame²)
2026-05-26 21:13:20,371 | INFO     | PID:24916 | _print_kinematic_events:994 | [ANOMALIA] Possível lance aos 04:02 (jogador track=1134, pico velocidade=121.51px/frame)
2026-05-26 21:13:20,371 | INFO     | PID:24916 | _print_kinematic_events:994 | [ANOMALIA] Possível lance aos 04:02 (jogador track=1134, pico aceleracao=121.51px/frame²)
2026-05-26 21:13:20,371 | INFO     | PID:24916 | _print_kinematic_events:994 | [ANOMALIA] Possível lance aos 04:02 (jogador track=1154, pico velocidade=109.17px/frame)
2026-05-26 21:13:20,371 | INFO     | PID:24916 | _print_kinematic_events:994 | [ANOMALIA] Possível lance aos 04:02 (jogador track=1154, pico aceleracao=109.17px/frame²)
2026-05-26 21:13:20,371 | INFO     | PID:24916 | _print_kinematic_events:994 | [ANOMALIA] Possível lance aos 04:03 (jogador track=1156, pico aceleracao=14.32px/frame²)
2026-05-26 21:13:20,371 | INFO     | PID:24916 | _print_kinematic_events:994 | [ANOMALIA] Possível lance aos 04:03 (jogador track=1153, pico velocidade=57.2px/frame)
2026-05-26 21:13:20,372 | INFO     | PID:24916 | _print_kinematic_events:994 | [ANOMALIA] Possível lance aos 04:03 (jogador track=1153, pico aceleracao=57.2px/frame²)
2026-05-26 21:13:20,372 | INFO     | PID:24916 | _print_kinematic_events:994 | [ANOMALIA] Possível lance aos 04:05 (jogador track=1134, pico velocidade=85.59px/frame)
2026-05-26 21:13:20,372 | INFO     | PID:24916 | _print_kinematic_events:994 | [ANOMALIA] Possível lance aos 04:05 (jogador track=1134, pico aceleracao=85.59px/frame²)
2026-05-26 21:13:20,372 | INFO     | PID:24916 | _print_kinematic_events:994 | [ANOMALIA] Possível lance aos 04:06 (jogador track=1162, pico velocidade=17.61px/frame)
2026-05-26 21:13:20,372 | INFO     | PID:24916 | _print_kinematic_events:994 | [ANOMALIA] Possível lance aos 04:06 (jogador track=1162, pico aceleracao=21.05px/frame²)
2026-05-26 21:13:20,372 | INFO     | PID:24916 | _print_kinematic_events:994 | [ANOMALIA] Possível lance aos 04:06 (jogador track=1187, pico velocidade=20.72px/frame)
2026-05-26 21:13:20,372 | INFO     | PID:24916 | _print_kinematic_events:994 | [ANOMALIA] Possível lance aos 04:06 (jogador track=1187, pico aceleracao=20.72px/frame²)
2026-05-26 21:13:20,372 | INFO     | PID:24916 | _print_kinematic_events:994 | [ANOMALIA] Possível lance aos 04:06 (jogador track=1188, pico aceleracao=13.0px/frame²)
2026-05-26 21:13:20,372 | INFO     | PID:24916 | _print_kinematic_events:994 | [ANOMALIA] Possível lance aos 04:07 (jogador track=1134, pico velocidade=74.63px/frame)
2026-05-26 21:13:20,372 | INFO     | PID:24916 | _print_kinematic_events:994 | [ANOMALIA] Possível lance aos 04:07 (jogador track=1134, pico aceleracao=74.63px/frame²)
2026-05-26 21:13:20,372 | INFO     | PID:24916 | _print_kinematic_events:994 | [ANOMALIA] Possível lance aos 04:07 (jogador track=1162, pico velocidade=16.32px/frame)
2026-05-26 21:13:20,372 | INFO     | PID:24916 | _print_kinematic_events:994 | [ANOMALIA] Possível lance aos 04:09 (jogador track=1187, pico velocidade=26.88px/frame)
2026-05-26 21:13:20,372 | INFO     | PID:24916 | _print_kinematic_events:994 | [ANOMALIA] Possível lance aos 04:09 (jogador track=1187, pico aceleracao=26.88px/frame²)
2026-05-26 21:13:20,372 | INFO     | PID:24916 | _print_kinematic_events:994 | [ANOMALIA] Possível lance aos 04:10 (jogador track=1195, pico velocidade=19.45px/frame)
2026-05-26 21:13:20,372 | INFO     | PID:24916 | _print_kinematic_events:994 | [ANOMALIA] Possível lance aos 04:10 (jogador track=1195, pico aceleracao=19.45px/frame²)
2026-05-26 21:13:20,372 | INFO     | PID:24916 | _print_kinematic_events:994 | [ANOMALIA] Possível lance aos 04:10 (jogador track=1194, pico velocidade=24.42px/frame)
2026-05-26 21:13:20,372 | INFO     | PID:24916 | _print_kinematic_events:994 | [ANOMALIA] Possível lance aos 04:10 (jogador track=1194, pico aceleracao=24.42px/frame²)
2026-05-26 21:13:20,372 | INFO     | PID:24916 | _print_kinematic_events:994 | [ANOMALIA] Possível lance aos 04:10 (jogador track=1197, pico aceleracao=14.56px/frame²)
2026-05-26 21:13:20,372 | INFO     | PID:24916 | _print_kinematic_events:994 | [ANOMALIA] Possível lance aos 04:10 (jogador track=1162, pico velocidade=20.51px/frame)
2026-05-26 21:13:20,372 | INFO     | PID:24916 | _print_kinematic_events:994 | [ANOMALIA] Possível lance aos 04:10 (jogador track=1162, pico aceleracao=20.51px/frame²)
2026-05-26 21:13:20,372 | INFO     | PID:24916 | _print_kinematic_events:994 | [ANOMALIA] Possível lance aos 04:11 (jogador track=1197, pico aceleracao=10.59px/frame²)
2026-05-26 21:13:20,373 | INFO     | PID:24916 | _print_kinematic_events:994 | [ANOMALIA] Possível lance aos 04:11 (jogador track=1187, pico velocidade=26.08px/frame)
2026-05-26 21:13:20,373 | INFO     | PID:24916 | _print_kinematic_events:994 | [ANOMALIA] Possível lance aos 04:11 (jogador track=1187, pico aceleracao=26.08px/frame²)
2026-05-26 21:13:20,373 | INFO     | PID:24916 | _print_kinematic_events:994 | [ANOMALIA] Possível lance aos 04:12 (jogador track=1202, pico velocidade=21.19px/frame)
2026-05-26 21:13:20,373 | INFO     | PID:24916 | _print_kinematic_events:994 | [ANOMALIA] Possível lance aos 04:12 (jogador track=1202, pico aceleracao=21.19px/frame²)
2026-05-26 21:13:20,373 | INFO     | PID:24916 | _print_kinematic_events:994 | [ANOMALIA] Possível lance aos 04:13 (jogador track=1203, pico velocidade=19.06px/frame)
2026-05-26 21:13:20,373 | INFO     | PID:24916 | _print_kinematic_events:994 | [ANOMALIA] Possível lance aos 04:13 (jogador track=1203, pico aceleracao=19.06px/frame²)
2026-05-26 21:13:20,373 | INFO     | PID:24916 | _print_kinematic_events:994 | [ANOMALIA] Possível lance aos 04:13 (jogador track=1187, pico velocidade=18.01px/frame)
2026-05-26 21:13:20,373 | INFO     | PID:24916 | _print_kinematic_events:994 | [ANOMALIA] Possível lance aos 04:13 (jogador track=1187, pico aceleracao=18.01px/frame²)
2026-05-26 21:13:20,373 | INFO     | PID:24916 | _print_kinematic_events:994 | [ANOMALIA] Possível lance aos 04:14 (jogador track=1211, pico velocidade=51.12px/frame)
2026-05-26 21:13:20,373 | INFO     | PID:24916 | _print_kinematic_events:994 | [ANOMALIA] Possível lance aos 04:14 (jogador track=1211, pico aceleracao=51.12px/frame²)
2026-05-26 21:13:20,373 | INFO     | PID:24916 | _print_kinematic_events:994 | [ANOMALIA] Possível lance aos 04:14 (jogador track=1217, pico velocidade=19.03px/frame)
2026-05-26 21:13:20,373 | INFO     | PID:24916 | _print_kinematic_events:994 | [ANOMALIA] Possível lance aos 04:14 (jogador track=1214, pico aceleracao=13.89px/frame²)
2026-05-26 21:13:20,373 | INFO     | PID:24916 | _print_kinematic_events:994 | [ANOMALIA] Possível lance aos 04:14 (jogador track=1214, pico velocidade=15.66px/frame)
2026-05-26 21:13:20,373 | INFO     | PID:24916 | _print_kinematic_events:994 | [ANOMALIA] Possível lance aos 04:14 (jogador track=1221, pico aceleracao=8.02px/frame²)
2026-05-26 21:13:20,373 | INFO     | PID:24916 | _print_kinematic_events:994 | [ANOMALIA] Possível lance aos 04:14 (jogador track=1217, pico aceleracao=24.62px/frame²)
2026-05-26 21:13:20,373 | INFO     | PID:24916 | _print_kinematic_events:994 | [ANOMALIA] Possível lance aos 04:15 (jogador track=1222, pico velocidade=17.46px/frame)
2026-05-26 21:13:20,373 | INFO     | PID:24916 | _print_kinematic_events:994 | [ANOMALIA] Possível lance aos 04:15 (jogador track=1203, pico velocidade=19.53px/frame)
2026-05-26 21:13:20,373 | INFO     | PID:24916 | _print_kinematic_events:994 | [ANOMALIA] Possível lance aos 04:15 (jogador track=1203, pico aceleracao=19.53px/frame²)
2026-05-26 21:13:20,373 | INFO     | PID:24916 | _print_kinematic_events:994 | [ANOMALIA] Possível lance aos 04:16 (jogador track=1217, pico velocidade=79.51px/frame)
2026-05-26 21:13:20,373 | INFO     | PID:24916 | _print_kinematic_events:994 | [ANOMALIA] Possível lance aos 04:16 (jogador track=1222, pico aceleracao=35.11px/frame²)
2026-05-26 21:13:20,373 | INFO     | PID:24916 | _print_kinematic_events:994 | [ANOMALIA] Possível lance aos 04:17 (jogador track=1214, pico aceleracao=11.72px/frame²)
2026-05-26 21:13:20,373 | INFO     | PID:24916 | _print_kinematic_events:994 | [ANOMALIA] Possível lance aos 04:17 (jogador track=1222, pico velocidade=39.85px/frame)
2026-05-26 21:13:20,374 | INFO     | PID:24916 | _print_kinematic_events:994 | [ANOMALIA] Possível lance aos 04:17 (jogador track=1226, pico aceleracao=9.22px/frame²)
2026-05-26 21:13:20,374 | INFO     | PID:24916 | _print_kinematic_events:994 | [ANOMALIA] Possível lance aos 04:19 (jogador track=1234, pico aceleracao=9.71px/frame²)
2026-05-26 21:13:20,374 | INFO     | PID:24916 | _print_kinematic_events:994 | [ANOMALIA] Possível lance aos 04:19 (jogador track=1214, pico velocidade=30.73px/frame)
2026-05-26 21:13:20,374 | INFO     | PID:24916 | _print_kinematic_events:994 | [ANOMALIA] Possível lance aos 04:19 (jogador track=1214, pico aceleracao=30.73px/frame²)
2026-05-26 21:13:20,374 | INFO     | PID:24916 | _print_kinematic_events:994 | [ANOMALIA] Possível lance aos 04:21 (jogador track=1229, pico velocidade=41.1px/frame)
2026-05-26 21:13:20,374 | INFO     | PID:24916 | _print_kinematic_events:994 | [ANOMALIA] Possível lance aos 04:21 (jogador track=1229, pico aceleracao=41.1px/frame²)
2026-05-26 21:13:20,374 | INFO     | PID:24916 | _print_kinematic_events:994 | [ANOMALIA] Possível lance aos 04:21 (jogador track=1234, pico aceleracao=12.62px/frame²)
2026-05-26 21:13:20,374 | INFO     | PID:24916 | _print_kinematic_events:994 | [ANOMALIA] Possível lance aos 04:22 (jogador track=1238, pico aceleracao=9.18px/frame²)
2026-05-26 21:13:20,374 | INFO     | PID:24916 | _print_kinematic_events:994 | [ANOMALIA] Possível lance aos 04:22 (jogador track=1214, pico velocidade=23.58px/frame)
2026-05-26 21:13:20,374 | INFO     | PID:24916 | _print_kinematic_events:994 | [ANOMALIA] Possível lance aos 04:22 (jogador track=1214, pico aceleracao=23.58px/frame²)
2026-05-26 21:13:20,374 | INFO     | PID:24916 | _print_kinematic_events:994 | [ANOMALIA] Possível lance aos 04:24 (jogador track=1243, pico aceleracao=11.8px/frame²)
2026-05-26 21:13:20,374 | INFO     | PID:24916 | _print_kinematic_events:994 | [ANOMALIA] Possível lance aos 04:26 (jogador track=1247, pico velocidade=27.68px/frame)
2026-05-26 21:13:20,374 | INFO     | PID:24916 | _print_kinematic_events:994 | [ANOMALIA] Possível lance aos 04:26 (jogador track=1247, pico aceleracao=27.68px/frame²)
2026-05-26 21:13:20,374 | INFO     | PID:24916 | _print_kinematic_events:994 | [ANOMALIA] Possível lance aos 04:26 (jogador track=1244, pico aceleracao=11.05px/frame²)
2026-05-26 21:13:20,374 | INFO     | PID:24916 | _print_kinematic_events:994 | [ANOMALIA] Possível lance aos 04:26 (bola track=ball_0, pico velocidade=56976.21px/frame)
2026-05-26 21:13:20,374 | INFO     | PID:24916 | _print_kinematic_events:994 | [ANOMALIA] Possível lance aos 04:27 (bola track=ball_0, pico aceleracao=512785.55px/frame²)
2026-05-26 21:13:20,374 | INFO     | PID:24916 | _print_kinematic_events:994 | [ANOMALIA] Possível lance aos 04:28 (jogador track=1243, pico velocidade=33.03px/frame)
2026-05-26 21:13:20,374 | INFO     | PID:24916 | _print_kinematic_events:994 | [ANOMALIA] Possível lance aos 04:28 (jogador track=1243, pico aceleracao=33.03px/frame²)
2026-05-26 21:13:20,374 | INFO     | PID:24916 | _print_kinematic_events:994 | [ANOMALIA] Possível lance aos 04:28 (jogador track=1251, pico aceleracao=10.05px/frame²)
2026-05-26 21:13:20,374 | INFO     | PID:24916 | _print_kinematic_events:994 | [ANOMALIA] Possível lance aos 04:29 (jogador track=1251, pico velocidade=23.76px/frame)
2026-05-26 21:13:20,374 | INFO     | PID:24916 | _print_kinematic_events:994 | [ANOMALIA] Possível lance aos 04:30 (jogador track=1243, pico velocidade=16.32px/frame)
2026-05-26 21:13:20,375 | INFO     | PID:24916 | _print_kinematic_events:994 | [ANOMALIA] Possível lance aos 04:30 (jogador track=1243, pico aceleracao=16.32px/frame²)
2026-05-26 21:13:20,375 | INFO     | PID:24916 | _print_kinematic_events:994 | [ANOMALIA] Possível lance aos 04:41 (jogador track=1255, pico velocidade=15.51px/frame)
2026-05-26 21:13:20,375 | INFO     | PID:24916 | _print_kinematic_events:994 | [ANOMALIA] Possível lance aos 04:41 (jogador track=1256, pico velocidade=20.52px/frame)
2026-05-26 21:13:20,375 | INFO     | PID:24916 | _print_kinematic_events:994 | [ANOMALIA] Possível lance aos 04:42 (jogador track=1255, pico aceleracao=18.74px/frame²)
2026-05-26 21:13:20,375 | INFO     | PID:24916 | _print_kinematic_events:994 | [ANOMALIA] Possível lance aos 04:42 (jogador track=1261, pico velocidade=32.5px/frame)
2026-05-26 21:13:20,375 | INFO     | PID:24916 | _print_kinematic_events:994 | [ANOMALIA] Possível lance aos 04:42 (jogador track=1261, pico aceleracao=32.5px/frame²)
2026-05-26 21:13:20,375 | INFO     | PID:24916 | _print_kinematic_events:994 | [ANOMALIA] Possível lance aos 04:43 (jogador track=1262, pico velocidade=18.36px/frame)
2026-05-26 21:13:20,375 | INFO     | PID:24916 | _print_kinematic_events:994 | [ANOMALIA] Possível lance aos 04:43 (jogador track=1262, pico aceleracao=18.36px/frame²)
2026-05-26 21:13:20,375 | INFO     | PID:24916 | _print_kinematic_events:994 | [ANOMALIA] Possível lance aos 04:44 (jogador track=1265, pico velocidade=17.39px/frame)
2026-05-26 21:13:20,375 | INFO     | PID:24916 | _print_kinematic_events:994 | [ANOMALIA] Possível lance aos 04:44 (jogador track=1273, pico aceleracao=14.08px/frame²)
2026-05-26 21:13:20,375 | INFO     | PID:24916 | _print_kinematic_events:994 | [ANOMALIA] Possível lance aos 04:45 (jogador track=1272, pico velocidade=15.53px/frame)
2026-05-26 21:13:20,375 | INFO     | PID:24916 | _print_kinematic_events:994 | [ANOMALIA] Possível lance aos 04:45 (jogador track=1272, pico aceleracao=60.05px/frame²)
2026-05-26 21:13:20,375 | INFO     | PID:24916 | _print_kinematic_events:994 | [ANOMALIA] Possível lance aos 04:45 (jogador track=1270, pico velocidade=36.06px/frame)
2026-05-26 21:13:20,375 | INFO     | PID:24916 | _print_kinematic_events:994 | [ANOMALIA] Possível lance aos 04:45 (jogador track=1270, pico aceleracao=36.06px/frame²)
2026-05-26 21:13:20,375 | INFO     | PID:24916 | _print_kinematic_events:994 | [ANOMALIA] Possível lance aos 04:45 (jogador track=1265, pico velocidade=23.84px/frame)
2026-05-26 21:13:20,375 | INFO     | PID:24916 | _print_kinematic_events:994 | [ANOMALIA] Possível lance aos 04:45 (jogador track=1265, pico aceleracao=23.84px/frame²)
2026-05-26 21:13:20,375 | INFO     | PID:24916 | _print_kinematic_events:994 | [ANOMALIA] Possível lance aos 04:46 (jogador track=1255, pico velocidade=21.27px/frame)
2026-05-26 21:13:20,375 | INFO     | PID:24916 | _print_kinematic_events:994 | [ANOMALIA] Possível lance aos 04:47 (jogador track=1255, pico aceleracao=21.27px/frame²)
2026-05-26 21:13:20,375 | INFO     | PID:24916 | _print_kinematic_events:994 | [ANOMALIA] Possível lance aos 04:48 (bola track=ball_0, pico velocidade=126888.22px/frame)
2026-05-26 21:13:20,375 | INFO     | PID:24916 | _print_kinematic_events:994 | [ANOMALIA] Possível lance aos 04:48 (bola track=ball_0, pico aceleracao=126888.22px/frame²)
2026-05-26 21:13:20,375 | INFO     | PID:24916 | _print_kinematic_events:994 | [ANOMALIA] Possível lance aos 04:49 (jogador track=1282, pico aceleracao=10.0px/frame²)
2026-05-26 21:13:20,376 | INFO     | PID:24916 | _print_kinematic_events:994 | [ANOMALIA] Possível lance aos 04:49 (jogador track=1280, pico velocidade=47.59px/frame)
2026-05-26 21:13:20,376 | INFO     | PID:24916 | _print_kinematic_events:994 | [ANOMALIA] Possível lance aos 04:49 (jogador track=1280, pico aceleracao=47.59px/frame²)
2026-05-26 21:13:20,376 | INFO     | PID:24916 | _print_kinematic_events:994 | [ANOMALIA] Possível lance aos 04:50 (jogador track=1255, pico velocidade=53.3px/frame)
2026-05-26 21:13:20,376 | INFO     | PID:24916 | _print_kinematic_events:994 | [ANOMALIA] Possível lance aos 04:50 (jogador track=1255, pico aceleracao=53.3px/frame²)
2026-05-26 21:13:20,376 | INFO     | PID:24916 | _print_kinematic_events:994 | [ANOMALIA] Possível lance aos 04:50 (jogador track=1291, pico aceleracao=12.66px/frame²)
2026-05-26 21:13:20,376 | INFO     | PID:24916 | _print_kinematic_events:994 | [ANOMALIA] Possível lance aos 04:50 (jogador track=1286, pico velocidade=56.83px/frame)
2026-05-26 21:13:20,376 | INFO     | PID:24916 | _print_kinematic_events:994 | [ANOMALIA] Possível lance aos 04:50 (jogador track=1286, pico aceleracao=56.83px/frame²)
2026-05-26 21:13:20,376 | INFO     | PID:24916 | _print_kinematic_events:994 | [ANOMALIA] Possível lance aos 04:51 (jogador track=1296, pico velocidade=25.5px/frame)
2026-05-26 21:13:20,376 | INFO     | PID:24916 | _print_kinematic_events:994 | [ANOMALIA] Possível lance aos 04:51 (jogador track=1296, pico aceleracao=25.5px/frame²)
2026-05-26 21:13:20,376 | INFO     | PID:24916 | _print_kinematic_events:994 | [ANOMALIA] Possível lance aos 04:51 (jogador track=1292, pico velocidade=15.51px/frame)
2026-05-26 21:13:20,376 | INFO     | PID:24916 | _print_kinematic_events:994 | [ANOMALIA] Possível lance aos 04:51 (jogador track=1300, pico aceleracao=15.34px/frame²)
2026-05-26 21:13:20,376 | INFO     | PID:24916 | _print_kinematic_events:994 | [ANOMALIA] Possível lance aos 04:51 (jogador track=1255, pico velocidade=18.67px/frame)
2026-05-26 21:13:20,376 | INFO     | PID:24916 | _print_kinematic_events:994 | [ANOMALIA] Possível lance aos 04:51 (jogador track=1255, pico aceleracao=18.67px/frame²)
2026-05-26 21:13:20,376 | INFO     | PID:24916 | _print_kinematic_events:994 | [ANOMALIA] Possível lance aos 04:51 (jogador track=1301, pico velocidade=41.03px/frame)
2026-05-26 21:13:20,376 | INFO     | PID:24916 | _print_kinematic_events:994 | [ANOMALIA] Possível lance aos 04:52 (jogador track=1301, pico aceleracao=55.24px/frame²)
2026-05-26 21:13:20,376 | INFO     | PID:24916 | _print_kinematic_events:994 | [ANOMALIA] Possível lance aos 04:52 (jogador track=1309, pico aceleracao=8.73px/frame²)
2026-05-26 21:13:20,376 | INFO     | PID:24916 | _print_kinematic_events:994 | [ANOMALIA] Possível lance aos 04:53 (jogador track=1306, pico velocidade=22.52px/frame)
2026-05-26 21:13:20,376 | INFO     | PID:24916 | _print_kinematic_events:994 | [ANOMALIA] Possível lance aos 04:53 (jogador track=1306, pico aceleracao=22.52px/frame²)
2026-05-26 21:13:20,376 | INFO     | PID:24916 | _print_kinematic_events:994 | [ANOMALIA] Possível lance aos 04:54 (jogador track=1272, pico velocidade=15.81px/frame)
2026-05-26 21:13:20,376 | INFO     | PID:24916 | _print_kinematic_events:994 | [ANOMALIA] Possível lance aos 04:54 (jogador track=1272, pico aceleracao=44.7px/frame²)
2026-05-26 21:13:20,376 | INFO     | PID:24916 | _print_kinematic_events:994 | [ANOMALIA] Possível lance aos 04:54 (jogador track=1255, pico velocidade=15.66px/frame)
2026-05-26 21:13:20,376 | INFO     | PID:24916 | _print_kinematic_events:994 | [ANOMALIA] Possível lance aos 04:55 (jogador track=1322, pico velocidade=15.57px/frame)
2026-05-26 21:13:20,377 | INFO     | PID:24916 | _print_kinematic_events:994 | [ANOMALIA] Possível lance aos 04:55 (jogador track=1307, pico velocidade=97.06px/frame)
2026-05-26 21:13:20,377 | INFO     | PID:24916 | _print_kinematic_events:994 | [ANOMALIA] Possível lance aos 04:55 (jogador track=1307, pico aceleracao=97.06px/frame²)
2026-05-26 21:13:20,377 | INFO     | PID:24916 | _print_kinematic_events:994 | [ANOMALIA] Possível lance aos 04:55 (jogador track=1255, pico aceleracao=28.61px/frame²)
2026-05-26 21:13:20,377 | INFO     | PID:24916 | _print_kinematic_events:994 | [ANOMALIA] Possível lance aos 04:55 (jogador track=1292, pico velocidade=19.51px/frame)
2026-05-26 21:13:20,377 | INFO     | PID:24916 | _print_kinematic_events:994 | [ANOMALIA] Possível lance aos 04:55 (jogador track=1292, pico aceleracao=19.51px/frame²)
2026-05-26 21:13:20,377 | INFO     | PID:24916 | _print_kinematic_events:994 | [ANOMALIA] Possível lance aos 04:55 (jogador track=1322, pico aceleracao=35.01px/frame²)
2026-05-26 21:13:20,377 | INFO     | PID:24916 | _print_kinematic_events:994 | [ANOMALIA] Possível lance aos 04:56 (jogador track=1323, pico velocidade=54.3px/frame)
2026-05-26 21:13:20,377 | INFO     | PID:24916 | _print_kinematic_events:994 | [ANOMALIA] Possível lance aos 04:56 (jogador track=1323, pico aceleracao=54.3px/frame²)
2026-05-26 21:13:20,377 | INFO     | PID:24916 | _print_kinematic_events:994 | [ANOMALIA] Possível lance aos 04:56 (jogador track=1326, pico aceleracao=8.56px/frame²)
2026-05-26 21:13:20,377 | INFO     | PID:24916 | _print_kinematic_events:994 | [ANOMALIA] Possível lance aos 04:56 (jogador track=1307, pico velocidade=23.09px/frame)
2026-05-26 21:13:20,377 | INFO     | PID:24916 | _print_kinematic_events:994 | [ANOMALIA] Possível lance aos 04:56 (jogador track=1307, pico aceleracao=23.09px/frame²)
2026-05-26 21:13:20,377 | INFO     | PID:24916 | _print_kinematic_events:994 | [ANOMALIA] Possível lance aos 04:56 (jogador track=1292, pico velocidade=30.1px/frame)
2026-05-26 21:13:20,377 | INFO     | PID:24916 | _print_kinematic_events:994 | [ANOMALIA] Possível lance aos 04:56 (jogador track=1292, pico aceleracao=30.1px/frame²)
2026-05-26 21:13:20,377 | INFO     | PID:24916 | _print_kinematic_events:994 | [ANOMALIA] Possível lance aos 04:58 (jogador track=1292, pico velocidade=25.0px/frame)
2026-05-26 21:13:20,377 | INFO     | PID:24916 | _print_kinematic_events:994 | [ANOMALIA] Possível lance aos 04:58 (jogador track=1292, pico aceleracao=25.0px/frame²)
2026-05-26 21:13:20,377 | INFO     | PID:24916 | _print_kinematic_events:994 | [ANOMALIA] Possível lance aos 04:58 (jogador track=1327, pico aceleracao=10.51px/frame²)
2026-05-26 21:13:20,377 | INFO     | PID:24916 | _print_kinematic_events:994 | [ANOMALIA] Possível lance aos 04:58 (jogador track=1307, pico velocidade=29.02px/frame)
2026-05-26 21:13:20,377 | INFO     | PID:24916 | _print_kinematic_events:994 | [ANOMALIA] Possível lance aos 04:58 (jogador track=1327, pico velocidade=16.29px/frame)
2026-05-26 21:13:20,377 | INFO     | PID:24916 | _print_kinematic_events:994 | [ANOMALIA] Possível lance aos 04:58 (jogador track=1307, pico aceleracao=29.02px/frame²)
2026-05-26 21:13:20,377 | INFO     | PID:24916 | _print_kinematic_events:994 | [ANOMALIA] Possível lance aos 04:59 (jogador track=1338, pico velocidade=15.63px/frame)
2026-05-26 21:13:20,377 | INFO     | PID:24916 | _print_kinematic_events:994 | [ANOMALIA] Possível lance aos 04:59 (jogador track=1338, pico aceleracao=15.63px/frame²)
2026-05-26 21:13:20,378 | INFO     | PID:24916 | _print_kinematic_events:994 | [ANOMALIA] Possível lance aos 04:59 (jogador track=1336, pico velocidade=25.68px/frame)
2026-05-26 21:13:20,378 | INFO     | PID:24916 | _print_kinematic_events:994 | [ANOMALIA] Possível lance aos 04:59 (jogador track=1336, pico aceleracao=25.68px/frame²)
2026-05-26 21:13:20,378 | INFO     | PID:24916 | _print_kinematic_events:994 | [ANOMALIA] Possível lance aos 05:00 (jogador track=1301, pico velocidade=319.86px/frame)
2026-05-26 21:13:20,378 | INFO     | PID:24916 | _print_kinematic_events:994 | [ANOMALIA] Possível lance aos 05:00 (jogador track=1301, pico aceleracao=319.86px/frame²)
2026-05-26 21:13:20,378 | INFO     | PID:24916 | _print_kinematic_events:994 | [ANOMALIA] Possível lance aos 05:01 (jogador track=1336, pico velocidade=27.12px/frame)
2026-05-26 21:13:20,378 | INFO     | PID:24916 | _print_kinematic_events:994 | [ANOMALIA] Possível lance aos 05:01 (jogador track=1336, pico aceleracao=27.12px/frame²)
2026-05-26 21:13:20,378 | INFO     | PID:24916 | _print_kinematic_events:994 | [ANOMALIA] Possível lance aos 05:01 (jogador track=1301, pico velocidade=40.0px/frame)
2026-05-26 21:13:20,378 | INFO     | PID:24916 | _print_kinematic_events:994 | [ANOMALIA] Possível lance aos 05:01 (jogador track=1338, pico velocidade=26.54px/frame)
2026-05-26 21:13:20,378 | INFO     | PID:24916 | _print_kinematic_events:994 | [ANOMALIA] Possível lance aos 05:01 (jogador track=1338, pico aceleracao=26.54px/frame²)
2026-05-26 21:13:20,378 | INFO     | PID:24916 | _print_kinematic_events:994 | [ANOMALIA] Possível lance aos 05:02 (jogador track=1340, pico velocidade=16.69px/frame)
2026-05-26 21:13:20,378 | INFO     | PID:24916 | _print_kinematic_events:994 | [ANOMALIA] Possível lance aos 05:02 (jogador track=1340, pico aceleracao=16.69px/frame²)
2026-05-26 21:13:20,378 | INFO     | PID:24916 | _print_kinematic_events:994 | [ANOMALIA] Possível lance aos 05:02 (jogador track=1301, pico aceleracao=55.5px/frame²)
2026-05-26 21:13:20,378 | INFO     | PID:24916 | _print_kinematic_events:994 | [ANOMALIA] Possível lance aos 05:03 (jogador track=1340, pico velocidade=67.07px/frame)
2026-05-26 21:13:20,378 | INFO     | PID:24916 | _print_kinematic_events:994 | [ANOMALIA] Possível lance aos 05:03 (jogador track=1340, pico aceleracao=67.07px/frame²)
2026-05-26 21:13:20,378 | INFO     | PID:24916 | _print_kinematic_events:994 | [ANOMALIA] Possível lance aos 05:07 (jogador track=1359, pico aceleracao=8.06px/frame²)
2026-05-26 21:13:20,378 | INFO     | PID:24916 | _print_kinematic_events:994 | [ANOMALIA] Possível lance aos 05:07 (jogador track=1367, pico velocidade=19.5px/frame)
2026-05-26 21:13:20,378 | INFO     | PID:24916 | _print_kinematic_events:994 | [ANOMALIA] Possível lance aos 05:07 (jogador track=1367, pico aceleracao=19.5px/frame²)
2026-05-26 21:13:20,378 | INFO     | PID:24916 | _print_kinematic_events:994 | [ANOMALIA] Possível lance aos 05:08 (jogador track=1370, pico velocidade=21.01px/frame)
2026-05-26 21:13:20,378 | INFO     | PID:24916 | _print_kinematic_events:994 | [ANOMALIA] Possível lance aos 05:08 (jogador track=1370, pico aceleracao=21.01px/frame²)
2026-05-26 21:13:20,378 | INFO     | PID:24916 | _print_kinematic_events:994 | [ANOMALIA] Possível lance aos 05:09 (jogador track=1377, pico velocidade=15.63px/frame)
2026-05-26 21:13:20,378 | INFO     | PID:24916 | _print_kinematic_events:994 | [ANOMALIA] Possível lance aos 05:09 (jogador track=1376, pico velocidade=15.98px/frame)
2026-05-26 21:13:20,378 | INFO     | PID:24916 | _print_kinematic_events:994 | [ANOMALIA] Possível lance aos 05:09 (jogador track=1376, pico aceleracao=15.98px/frame²)
2026-05-26 21:13:20,379 | INFO     | PID:24916 | _print_kinematic_events:994 | [ANOMALIA] Possível lance aos 05:09 (jogador track=1377, pico aceleracao=24.82px/frame²)
2026-05-26 21:13:20,379 | INFO     | PID:24916 | _print_kinematic_events:994 | [ANOMALIA] Possível lance aos 05:09 (jogador track=1370, pico velocidade=22.55px/frame)
2026-05-26 21:13:20,379 | INFO     | PID:24916 | _print_kinematic_events:994 | [ANOMALIA] Possível lance aos 05:09 (jogador track=1370, pico aceleracao=22.55px/frame²)
2026-05-26 21:13:20,379 | INFO     | PID:24916 | _print_kinematic_events:994 | [ANOMALIA] Possível lance aos 05:10 (jogador track=1379, pico velocidade=41.11px/frame)
2026-05-26 21:13:20,379 | INFO     | PID:24916 | _print_kinematic_events:994 | [ANOMALIA] Possível lance aos 05:10 (jogador track=1379, pico aceleracao=41.11px/frame²)
2026-05-26 21:13:20,379 | INFO     | PID:24916 | _print_kinematic_events:994 | [ANOMALIA] Possível lance aos 05:10 (jogador track=1384, pico velocidade=26.74px/frame)
2026-05-26 21:13:20,379 | INFO     | PID:24916 | _print_kinematic_events:994 | [ANOMALIA] Possível lance aos 05:10 (jogador track=1384, pico aceleracao=26.74px/frame²)
2026-05-26 21:13:20,379 | INFO     | PID:24916 | _print_kinematic_events:994 | [ANOMALIA] Possível lance aos 05:11 (jogador track=1377, pico velocidade=21.92px/frame)
2026-05-26 21:13:20,379 | INFO     | PID:24916 | _print_kinematic_events:994 | [ANOMALIA] Possível lance aos 05:11 (jogador track=1377, pico aceleracao=21.92px/frame²)
2026-05-26 21:13:20,379 | INFO     | PID:24916 | _print_kinematic_events:994 | [ANOMALIA] Possível lance aos 05:11 (jogador track=1397, pico velocidade=20.4px/frame)
2026-05-26 21:13:20,379 | INFO     | PID:24916 | _print_kinematic_events:994 | [ANOMALIA] Possível lance aos 05:11 (jogador track=1397, pico aceleracao=20.4px/frame²)
2026-05-26 21:13:20,379 | INFO     | PID:24916 | _print_kinematic_events:994 | [ANOMALIA] Possível lance aos 05:12 (jogador track=1395, pico velocidade=130.65px/frame)
2026-05-26 21:13:20,379 | INFO     | PID:24916 | _print_kinematic_events:994 | [ANOMALIA] Possível lance aos 05:12 (jogador track=1395, pico aceleracao=130.65px/frame²)
2026-05-26 21:13:20,379 | INFO     | PID:24916 | _print_kinematic_events:994 | [ANOMALIA] Possível lance aos 05:12 (jogador track=1403, pico velocidade=25.12px/frame)
2026-05-26 21:13:20,379 | INFO     | PID:24916 | _print_kinematic_events:994 | [ANOMALIA] Possível lance aos 05:12 (jogador track=1403, pico aceleracao=25.12px/frame²)
2026-05-26 21:13:20,379 | INFO     | PID:24916 | _print_kinematic_events:994 | [ANOMALIA] Possível lance aos 05:13 (jogador track=1407, pico aceleracao=8.5px/frame²)
2026-05-26 21:13:20,379 | INFO     | PID:24916 | _print_kinematic_events:994 | [ANOMALIA] Possível lance aos 05:14 (jogador track=1414, pico aceleracao=8.06px/frame²)
2026-05-26 21:13:20,379 | INFO     | PID:24916 | _print_kinematic_events:994 | [ANOMALIA] Possível lance aos 05:14 (jogador track=1414, pico velocidade=19.01px/frame)
2026-05-26 21:13:20,379 | INFO     | PID:24916 | _print_kinematic_events:994 | [ANOMALIA] Possível lance aos 05:15 (jogador track=1405, pico velocidade=15.51px/frame)
2026-05-26 21:13:20,379 | INFO     | PID:24916 | _print_kinematic_events:994 | [ANOMALIA] Possível lance aos 05:15 (jogador track=1405, pico aceleracao=15.51px/frame²)
2026-05-26 21:13:20,379 | INFO     | PID:24916 | _print_kinematic_events:994 | [ANOMALIA] Possível lance aos 05:16 (jogador track=1403, pico velocidade=16.19px/frame)
2026-05-26 21:13:20,379 | INFO     | PID:24916 | _print_kinematic_events:994 | [ANOMALIA] Possível lance aos 05:16 (jogador track=1403, pico aceleracao=16.19px/frame²)
2026-05-26 21:13:20,380 | INFO     | PID:24916 | _print_kinematic_events:994 | [ANOMALIA] Possível lance aos 05:16 (jogador track=1415, pico velocidade=35.0px/frame)
2026-05-26 21:13:20,380 | INFO     | PID:24916 | _print_kinematic_events:994 | [ANOMALIA] Possível lance aos 05:16 (jogador track=1429, pico velocidade=21.51px/frame)
2026-05-26 21:13:20,380 | INFO     | PID:24916 | _print_kinematic_events:994 | [ANOMALIA] Possível lance aos 05:16 (jogador track=1415, pico aceleracao=35.0px/frame²)
2026-05-26 21:13:20,380 | INFO     | PID:24916 | _print_kinematic_events:994 | [ANOMALIA] Possível lance aos 05:16 (jogador track=1427, pico velocidade=33.73px/frame)
2026-05-26 21:13:20,380 | INFO     | PID:24916 | _print_kinematic_events:994 | [ANOMALIA] Possível lance aos 05:16 (jogador track=1427, pico aceleracao=33.73px/frame²)
2026-05-26 21:13:20,380 | INFO     | PID:24916 | _print_kinematic_events:994 | [ANOMALIA] Possível lance aos 05:17 (jogador track=1405, pico velocidade=22.59px/frame)
2026-05-26 21:13:20,380 | INFO     | PID:24916 | _print_kinematic_events:994 | [ANOMALIA] Possível lance aos 05:17 (jogador track=1405, pico aceleracao=22.59px/frame²)
2026-05-26 21:13:20,380 | INFO     | PID:24916 | _print_kinematic_events:994 | [ANOMALIA] Possível lance aos 05:17 (jogador track=1429, pico velocidade=81.51px/frame)
2026-05-26 21:13:20,380 | INFO     | PID:24916 | _print_kinematic_events:994 | [ANOMALIA] Possível lance aos 05:17 (jogador track=1429, pico aceleracao=81.51px/frame²)
2026-05-26 21:13:20,380 | INFO     | PID:24916 | _print_kinematic_events:994 | [ANOMALIA] Possível lance aos 05:17 (jogador track=1403, pico velocidade=16.07px/frame)
2026-05-26 21:13:20,380 | INFO     | PID:24916 | _print_kinematic_events:994 | [ANOMALIA] Possível lance aos 05:17 (jogador track=1415, pico velocidade=16.87px/frame)
2026-05-26 21:13:20,380 | INFO     | PID:24916 | _print_kinematic_events:994 | [ANOMALIA] Possível lance aos 05:17 (jogador track=1403, pico aceleracao=16.07px/frame²)
2026-05-26 21:13:20,380 | INFO     | PID:24916 | _print_kinematic_events:994 | [ANOMALIA] Possível lance aos 05:18 (jogador track=1435, pico velocidade=70.0px/frame)
2026-05-26 21:13:20,380 | INFO     | PID:24916 | _print_kinematic_events:994 | [ANOMALIA] Possível lance aos 05:18 (jogador track=1435, pico aceleracao=70.0px/frame²)
2026-05-26 21:13:20,380 | INFO     | PID:24916 | _print_kinematic_events:994 | [ANOMALIA] Possível lance aos 05:18 (jogador track=1440, pico velocidade=77.66px/frame)
2026-05-26 21:13:20,380 | INFO     | PID:24916 | _print_kinematic_events:994 | [ANOMALIA] Possível lance aos 05:18 (jogador track=1440, pico aceleracao=77.66px/frame²)
2026-05-26 21:13:20,380 | INFO     | PID:24916 | _print_kinematic_events:994 | [ANOMALIA] Possível lance aos 05:18 (jogador track=1446, pico velocidade=23.05px/frame)
2026-05-26 21:13:20,380 | INFO     | PID:24916 | _print_kinematic_events:994 | [ANOMALIA] Possível lance aos 05:18 (jogador track=1446, pico aceleracao=23.05px/frame²)
2026-05-26 21:13:20,381 | INFO     | PID:24916 | _print_kinematic_events:994 | [ANOMALIA] Possível lance aos 05:19 (jogador track=1452, pico velocidade=30.46px/frame)
2026-05-26 21:13:20,381 | INFO     | PID:24916 | _print_kinematic_events:994 | [ANOMALIA] Possível lance aos 05:19 (jogador track=1452, pico aceleracao=30.46px/frame²)
2026-05-26 21:13:20,381 | INFO     | PID:24916 | _print_kinematic_events:994 | [ANOMALIA] Possível lance aos 05:19 (jogador track=1447, pico aceleracao=12.51px/frame²)
2026-05-26 21:13:20,381 | INFO     | PID:24916 | _print_kinematic_events:994 | [ANOMALIA] Possível lance aos 05:21 (jogador track=1447, pico velocidade=18.03px/frame)
2026-05-26 21:13:20,381 | INFO     | PID:24916 | _print_kinematic_events:994 | [ANOMALIA] Possível lance aos 05:21 (jogador track=1447, pico aceleracao=18.03px/frame²)
2026-05-26 21:13:20,381 | INFO     | PID:24916 | _print_kinematic_events:994 | [ANOMALIA] Possível lance aos 05:21 (jogador track=1457, pico aceleracao=10.31px/frame²)
2026-05-26 21:13:20,381 | INFO     | PID:24916 | _print_kinematic_events:994 | [ANOMALIA] Possível lance aos 05:22 (jogador track=1459, pico velocidade=28.11px/frame)
2026-05-26 21:13:20,381 | INFO     | PID:24916 | _print_kinematic_events:994 | [ANOMALIA] Possível lance aos 05:22 (jogador track=1459, pico aceleracao=28.11px/frame²)
2026-05-26 21:13:20,381 | INFO     | PID:24916 | _print_kinematic_events:994 | [ANOMALIA] Possível lance aos 05:23 (jogador track=1472, pico velocidade=25.14px/frame)
2026-05-26 21:13:20,381 | INFO     | PID:24916 | _print_kinematic_events:994 | [ANOMALIA] Possível lance aos 05:23 (jogador track=1472, pico aceleracao=25.14px/frame²)
2026-05-26 21:13:20,381 | INFO     | PID:24916 | _print_kinematic_events:994 | [ANOMALIA] Possível lance aos 05:23 (jogador track=1474, pico velocidade=68.17px/frame)
2026-05-26 21:13:20,381 | INFO     | PID:24916 | _print_kinematic_events:994 | [ANOMALIA] Possível lance aos 05:23 (jogador track=1474, pico aceleracao=68.17px/frame²)
2026-05-26 21:13:20,381 | INFO     | PID:24916 | _print_kinematic_events:994 | [ANOMALIA] Possível lance aos 05:23 (jogador track=1452, pico velocidade=26.62px/frame)
2026-05-26 21:13:20,381 | INFO     | PID:24916 | _print_kinematic_events:994 | [ANOMALIA] Possível lance aos 05:23 (jogador track=1452, pico aceleracao=26.62px/frame²)
2026-05-26 21:13:20,381 | INFO     | PID:24916 | _print_kinematic_events:994 | [ANOMALIA] Possível lance aos 05:24 (jogador track=1472, pico velocidade=44.58px/frame)
2026-05-26 21:13:20,381 | INFO     | PID:24916 | _print_kinematic_events:994 | [ANOMALIA] Possível lance aos 05:24 (jogador track=1472, pico aceleracao=44.58px/frame²)
2026-05-26 21:13:20,381 | INFO     | PID:24916 | _print_kinematic_events:994 | [ANOMALIA] Possível lance aos 05:24 (jogador track=1487, pico velocidade=37.71px/frame)
2026-05-26 21:13:20,381 | INFO     | PID:24916 | _print_kinematic_events:994 | [ANOMALIA] Possível lance aos 05:24 (jogador track=1459, pico velocidade=27.29px/frame)
2026-05-26 21:13:20,382 | INFO     | PID:24916 | _print_kinematic_events:994 | [ANOMALIA] Possível lance aos 05:24 (jogador track=1459, pico aceleracao=27.29px/frame²)
2026-05-26 21:13:20,382 | INFO     | PID:24916 | _print_kinematic_events:994 | [ANOMALIA] Possível lance aos 05:24 (jogador track=1475, pico velocidade=39.13px/frame)
2026-05-26 21:13:20,382 | INFO     | PID:24916 | _print_kinematic_events:994 | [ANOMALIA] Possível lance aos 05:24 (jogador track=1475, pico aceleracao=39.13px/frame²)
2026-05-26 21:13:20,382 | INFO     | PID:24916 | _print_kinematic_events:994 | [ANOMALIA] Possível lance aos 05:25 (jogador track=1484, pico velocidade=15.12px/frame)
2026-05-26 21:13:20,382 | INFO     | PID:24916 | _print_kinematic_events:994 | [ANOMALIA] Possível lance aos 05:25 (jogador track=1495, pico aceleracao=9.55px/frame²)
2026-05-26 21:13:20,382 | INFO     | PID:24916 | _print_kinematic_events:994 | [ANOMALIA] Possível lance aos 05:25 (jogador track=1452, pico velocidade=15.03px/frame)
2026-05-26 21:13:20,382 | INFO     | PID:24916 | _print_kinematic_events:994 | [ANOMALIA] Possível lance aos 05:26 (jogador track=1499, pico velocidade=42.69px/frame)
2026-05-26 21:13:20,382 | INFO     | PID:24916 | _print_kinematic_events:994 | [ANOMALIA] Possível lance aos 05:26 (jogador track=1499, pico aceleracao=42.69px/frame²)
2026-05-26 21:13:20,382 | INFO     | PID:24916 | _print_kinematic_events:994 | [ANOMALIA] Possível lance aos 05:26 (jogador track=1484, pico aceleracao=49.03px/frame²)
2026-05-26 21:13:20,382 | INFO     | PID:24916 | _print_kinematic_events:994 | [ANOMALIA] Possível lance aos 05:27 (jogador track=1484, pico velocidade=40.4px/frame)
2026-05-26 21:13:20,382 | INFO     | PID:24916 | _print_kinematic_events:994 | [ANOMALIA] Possível lance aos 05:28 (jogador track=1510, pico velocidade=16.0px/frame)
2026-05-26 21:13:20,382 | INFO     | PID:24916 | _print_kinematic_events:994 | [ANOMALIA] Possível lance aos 05:28 (jogador track=1508, pico velocidade=108.54px/frame)
2026-05-26 21:13:20,382 | INFO     | PID:24916 | _print_kinematic_events:994 | [ANOMALIA] Possível lance aos 05:28 (jogador track=1508, pico aceleracao=108.54px/frame²)
2026-05-26 21:13:20,382 | INFO     | PID:24916 | _print_kinematic_events:994 | [ANOMALIA] Possível lance aos 05:29 (jogador track=1514, pico velocidade=20.52px/frame)
2026-05-26 21:13:20,382 | INFO     | PID:24916 | _print_kinematic_events:994 | [ANOMALIA] Possível lance aos 05:29 (jogador track=1514, pico aceleracao=20.52px/frame²)
2026-05-26 21:13:20,382 | INFO     | PID:24916 | _print_kinematic_events:994 | [ANOMALIA] Possível lance aos 05:29 (jogador track=1511, pico velocidade=17.01px/frame)
2026-05-26 21:13:20,382 | INFO     | PID:24916 | _print_kinematic_events:994 | [ANOMALIA] Possível lance aos 05:29 (jogador track=1511, pico aceleracao=17.01px/frame²)
2026-05-26 21:13:20,382 | INFO     | PID:24916 | _print_kinematic_events:994 | [ANOMALIA] Possível lance aos 05:29 (jogador track=1520, pico aceleracao=13.51px/frame²)
2026-05-26 21:13:20,383 | INFO     | PID:24916 | _print_kinematic_events:994 | [ANOMALIA] Possível lance aos 05:30 (jogador track=1510, pico velocidade=42.62px/frame)
2026-05-26 21:13:20,383 | INFO     | PID:24916 | _print_kinematic_events:994 | [ANOMALIA] Possível lance aos 05:30 (jogador track=1510, pico aceleracao=42.62px/frame²)
2026-05-26 21:13:20,383 | INFO     | PID:24916 | _print_kinematic_events:994 | [ANOMALIA] Possível lance aos 05:31 (jogador track=1528, pico aceleracao=14.01px/frame²)
2026-05-26 21:13:20,383 | INFO     | PID:24916 | _print_kinematic_events:994 | [ANOMALIA] Possível lance aos 05:31 (jogador track=1530, pico aceleracao=14.01px/frame²)
2026-05-26 21:13:20,383 | INFO     | PID:24916 | _print_kinematic_events:994 | [ANOMALIA] Possível lance aos 05:31 (jogador track=1530, pico velocidade=15.53px/frame)
2026-05-26 21:13:20,383 | INFO     | PID:24916 | _print_kinematic_events:994 | [ANOMALIA] Possível lance aos 05:33 (jogador track=1535, pico aceleracao=8.51px/frame²)
2026-05-26 21:13:20,383 | INFO     | PID:24916 | _print_kinematic_events:994 | [ANOMALIA] Possível lance aos 05:33 (jogador track=1511, pico velocidade=15.63px/frame)
2026-05-26 21:13:20,383 | INFO     | PID:24916 | _print_kinematic_events:994 | [ANOMALIA] Possível lance aos 05:33 (jogador track=1511, pico aceleracao=15.63px/frame²)
2026-05-26 21:13:20,383 | INFO     | PID:24916 | _print_kinematic_events:994 | [ANOMALIA] Possível lance aos 05:34 (jogador track=1538, pico velocidade=40.51px/frame)
2026-05-26 21:13:20,383 | INFO     | PID:24916 | _print_kinematic_events:994 | [ANOMALIA] Possível lance aos 05:34 (jogador track=1538, pico aceleracao=40.51px/frame²)
2026-05-26 21:13:20,383 | INFO     | PID:24916 | _print_kinematic_events:994 | [ANOMALIA] Possível lance aos 05:35 (jogador track=1547, pico velocidade=52.12px/frame)
2026-05-26 21:13:20,383 | INFO     | PID:24916 | _print_kinematic_events:994 | [ANOMALIA] Possível lance aos 05:35 (jogador track=1547, pico aceleracao=52.12px/frame²)
2026-05-26 21:13:20,383 | INFO     | PID:24916 | _print_kinematic_events:994 | [ANOMALIA] Possível lance aos 05:37 (jogador track=1554, pico velocidade=15.5px/frame)
2026-05-26 21:13:20,383 | INFO     | PID:24916 | _print_kinematic_events:994 | [ANOMALIA] Possível lance aos 05:37 (jogador track=1554, pico aceleracao=15.5px/frame²)
2026-05-26 21:13:20,383 | INFO     | PID:24916 | _print_kinematic_events:994 | [ANOMALIA] Possível lance aos 05:37 (jogador track=1561, pico aceleracao=13.0px/frame²)
2026-05-26 21:13:20,383 | INFO     | PID:24916 | _print_kinematic_events:994 | [ANOMALIA] Possível lance aos 05:38 (jogador track=1562, pico velocidade=35.36px/frame)
2026-05-26 21:13:20,383 | INFO     | PID:24916 | _print_kinematic_events:994 | [ANOMALIA] Possível lance aos 05:38 (jogador track=1562, pico aceleracao=35.36px/frame²)
2026-05-26 21:13:20,383 | INFO     | PID:24916 | _print_kinematic_events:994 | [ANOMALIA] Possível lance aos 05:38 (jogador track=1556, pico velocidade=15.89px/frame)
2026-05-26 21:13:20,384 | INFO     | PID:24916 | _print_kinematic_events:994 | [ANOMALIA] Possível lance aos 05:38 (jogador track=1556, pico aceleracao=15.89px/frame²)
2026-05-26 21:13:20,384 | INFO     | PID:24916 | _print_kinematic_events:994 | [ANOMALIA] Possível lance aos 05:38 (jogador track=1538, pico velocidade=20.52px/frame)
2026-05-26 21:13:20,384 | INFO     | PID:24916 | _print_kinematic_events:994 | [ANOMALIA] Possível lance aos 05:38 (jogador track=1554, pico velocidade=19.16px/frame)
2026-05-26 21:13:20,384 | INFO     | PID:24916 | _print_kinematic_events:994 | [ANOMALIA] Possível lance aos 05:38 (jogador track=1538, pico aceleracao=20.52px/frame²)
2026-05-26 21:13:20,384 | INFO     | PID:24916 | _print_kinematic_events:994 | [ANOMALIA] Possível lance aos 05:38 (jogador track=1554, pico aceleracao=19.16px/frame²)
2026-05-26 21:13:20,384 | INFO     | PID:24916 | _print_kinematic_events:994 | [ANOMALIA] Possível lance aos 05:39 (jogador track=1544, pico velocidade=17.92px/frame)
2026-05-26 21:13:20,384 | INFO     | PID:24916 | _print_kinematic_events:994 | [ANOMALIA] Possível lance aos 05:39 (jogador track=1544, pico aceleracao=17.92px/frame²)
2026-05-26 21:13:20,384 | INFO     | PID:24916 | _print_kinematic_events:994 | [ANOMALIA] Possível lance aos 05:40 (jogador track=1556, pico aceleracao=10.92px/frame²)
2026-05-26 21:13:20,384 | INFO     | PID:24916 | _print_kinematic_events:994 | [ANOMALIA] Possível lance aos 05:40 (jogador track=1570, pico velocidade=15.03px/frame)
2026-05-26 21:13:20,384 | INFO     | PID:24916 | _print_kinematic_events:994 | [ANOMALIA] Possível lance aos 05:40 (jogador track=1570, pico aceleracao=15.03px/frame²)
2026-05-26 21:13:20,384 | INFO     | PID:24916 | _print_kinematic_events:994 | [ANOMALIA] Possível lance aos 05:40 (jogador track=1577, pico aceleracao=8.63px/frame²)
2026-05-26 21:13:20,384 | INFO     | PID:24916 | _print_kinematic_events:994 | [ANOMALIA] Possível lance aos 05:40 (jogador track=1575, pico aceleracao=9.66px/frame²)
2026-05-26 21:13:20,384 | INFO     | PID:24916 | _print_kinematic_events:994 | [ANOMALIA] Possível lance aos 05:41 (jogador track=1573, pico velocidade=15.5px/frame)
2026-05-26 21:13:20,384 | INFO     | PID:24916 | _print_kinematic_events:994 | [ANOMALIA] Possível lance aos 05:41 (jogador track=1573, pico aceleracao=18.0px/frame²)
2026-05-26 21:13:20,384 | INFO     | PID:24916 | _print_kinematic_events:994 | [ANOMALIA] Possível lance aos 05:41 (jogador track=1583, pico velocidade=17.07px/frame)
2026-05-26 21:13:20,384 | INFO     | PID:24916 | _print_kinematic_events:994 | [ANOMALIA] Possível lance aos 05:41 (jogador track=1583, pico aceleracao=17.07px/frame²)
2026-05-26 21:13:20,384 | INFO     | PID:24916 | _print_kinematic_events:994 | [ANOMALIA] Possível lance aos 05:42 (jogador track=1584, pico velocidade=16.5px/frame)
2026-05-26 21:13:20,384 | INFO     | PID:24916 | _print_kinematic_events:994 | [ANOMALIA] Possível lance aos 05:43 (jogador track=1573, pico velocidade=43.55px/frame)
2026-05-26 21:13:20,385 | INFO     | PID:24916 | _print_kinematic_events:994 | [ANOMALIA] Possível lance aos 05:43 (jogador track=1573, pico aceleracao=43.55px/frame²)
2026-05-26 21:13:20,385 | INFO     | PID:24916 | _print_kinematic_events:994 | [ANOMALIA] Possível lance aos 05:43 (jogador track=1584, pico aceleracao=18.34px/frame²)
2026-05-26 21:13:20,385 | INFO     | PID:24916 | _print_kinematic_events:994 | [ANOMALIA] Possível lance aos 05:43 (jogador track=1587, pico velocidade=15.21px/frame)
2026-05-26 21:13:20,385 | INFO     | PID:24916 | _print_kinematic_events:994 | [ANOMALIA] Possível lance aos 05:43 (jogador track=1583, pico velocidade=24.63px/frame)
2026-05-26 21:13:20,385 | INFO     | PID:24916 | _print_kinematic_events:994 | [ANOMALIA] Possível lance aos 05:43 (jogador track=1583, pico aceleracao=24.63px/frame²)
2026-05-26 21:13:20,385 | INFO     | PID:24916 | _print_kinematic_events:994 | [ANOMALIA] Possível lance aos 05:44 (jogador track=1587, pico aceleracao=17.03px/frame²)
2026-05-26 21:13:20,385 | INFO     | PID:24916 | _print_kinematic_events:994 | [ANOMALIA] Possível lance aos 05:45 (jogador track=1584, pico velocidade=19.1px/frame)
2026-05-26 21:13:20,385 | INFO     | PID:24916 | _print_kinematic_events:994 | [ANOMALIA] Possível lance aos 05:45 (jogador track=1584, pico aceleracao=19.1px/frame²)
2026-05-26 21:13:20,385 | INFO     | PID:24916 | _print_kinematic_events:994 | [ANOMALIA] Possível lance aos 05:45 (jogador track=1587, pico velocidade=18.97px/frame)
2026-05-26 21:13:20,385 | INFO     | PID:24916 | _print_kinematic_events:994 | [ANOMALIA] Possível lance aos 05:45 (jogador track=1593, pico velocidade=19.03px/frame)
2026-05-26 21:13:20,385 | INFO     | PID:24916 | _print_kinematic_events:994 | [ANOMALIA] Possível lance aos 05:45 (jogador track=1593, pico aceleracao=19.03px/frame²)
2026-05-26 21:13:20,385 | INFO     | PID:24916 | _print_kinematic_events:994 | [ANOMALIA] Possível lance aos 05:47 (jogador track=1595, pico velocidade=63.06px/frame)
2026-05-26 21:13:20,385 | INFO     | PID:24916 | _print_kinematic_events:994 | [ANOMALIA] Possível lance aos 05:47 (jogador track=1595, pico aceleracao=63.06px/frame²)
2026-05-26 21:13:20,385 | INFO     | PID:24916 | _print_kinematic_events:994 | [ANOMALIA] Possível lance aos 05:48 (jogador track=1608, pico velocidade=19.73px/frame)
2026-05-26 21:13:20,385 | INFO     | PID:24916 | _print_kinematic_events:994 | [ANOMALIA] Possível lance aos 05:48 (jogador track=1608, pico aceleracao=19.73px/frame²)
2026-05-26 21:13:20,385 | INFO     | PID:24916 | _print_kinematic_events:994 | [ANOMALIA] Possível lance aos 05:50 (jogador track=1619, pico velocidade=15.79px/frame)
2026-05-26 21:13:20,385 | INFO     | PID:24916 | _print_kinematic_events:994 | [ANOMALIA] Possível lance aos 05:50 (jogador track=1621, pico velocidade=17.61px/frame)
2026-05-26 21:13:20,385 | INFO     | PID:24916 | _print_kinematic_events:994 | [ANOMALIA] Possível lance aos 05:50 (jogador track=1619, pico aceleracao=15.79px/frame²)
2026-05-26 21:13:20,385 | INFO     | PID:24916 | _print_kinematic_events:994 | [ANOMALIA] Possível lance aos 05:51 (jogador track=1621, pico aceleracao=45.96px/frame²)
2026-05-26 21:13:20,385 | INFO     | PID:24916 | _print_kinematic_events:994 | [ANOMALIA] Possível lance aos 05:51 (jogador track=1623, pico velocidade=28.74px/frame)
2026-05-26 21:13:20,385 | INFO     | PID:24916 | _print_kinematic_events:994 | [ANOMALIA] Possível lance aos 05:51 (jogador track=1620, pico aceleracao=13.5px/frame²)
2026-05-26 21:13:20,386 | INFO     | PID:24916 | _print_kinematic_events:994 | [ANOMALIA] Possível lance aos 05:51 (jogador track=1623, pico aceleracao=28.74px/frame²)
2026-05-26 21:13:20,386 | INFO     | PID:24916 | _print_kinematic_events:994 | [ANOMALIA] Possível lance aos 05:51 (jogador track=1608, pico velocidade=21.02px/frame)
2026-05-26 21:13:20,386 | INFO     | PID:24916 | _print_kinematic_events:994 | [ANOMALIA] Possível lance aos 05:51 (jogador track=1620, pico velocidade=17.01px/frame)
2026-05-26 21:13:20,386 | INFO     | PID:24916 | _print_kinematic_events:994 | [ANOMALIA] Possível lance aos 05:51 (jogador track=1608, pico aceleracao=21.02px/frame²)
2026-05-26 21:13:20,386 | INFO     | PID:24916 | _print_kinematic_events:994 | [ANOMALIA] Possível lance aos 05:51 (jogador track=1613, pico velocidade=21.52px/frame)
2026-05-26 21:13:20,386 | INFO     | PID:24916 | _print_kinematic_events:994 | [ANOMALIA] Possível lance aos 05:51 (jogador track=1613, pico aceleracao=21.52px/frame²)
2026-05-26 21:13:20,386 | INFO     | PID:24916 | _print_kinematic_events:994 | [ANOMALIA] Possível lance aos 05:51 (jogador track=1629, pico aceleracao=14.53px/frame²)
2026-05-26 21:13:20,386 | INFO     | PID:24916 | _print_kinematic_events:994 | [ANOMALIA] Possível lance aos 05:51 (jogador track=1625, pico velocidade=30.99px/frame)
2026-05-26 21:13:20,386 | INFO     | PID:24916 | _print_kinematic_events:994 | [ANOMALIA] Possível lance aos 05:51 (jogador track=1625, pico aceleracao=30.99px/frame²)
2026-05-26 21:13:20,386 | INFO     | PID:24916 | _print_kinematic_events:994 | [ANOMALIA] Possível lance aos 05:52 (jogador track=1629, pico velocidade=15.13px/frame)
2026-05-26 21:13:20,386 | INFO     | PID:24916 | _print_kinematic_events:994 | [ANOMALIA] Possível lance aos 05:53 (jogador track=1629, pico aceleracao=14.43px/frame²)
2026-05-26 21:13:20,386 | INFO     | PID:24916 | _print_kinematic_events:994 | [ANOMALIA] Possível lance aos 05:54 (jogador track=1620, pico aceleracao=12.5px/frame²)
2026-05-26 21:13:20,386 | INFO     | PID:24916 | _print_kinematic_events:994 | [ANOMALIA] Possível lance aos 05:54 (jogador track=1623, pico velocidade=19.7px/frame)
2026-05-26 21:13:20,386 | INFO     | PID:24916 | _print_kinematic_events:994 | [ANOMALIA] Possível lance aos 05:54 (jogador track=1637, pico aceleracao=11.42px/frame²)
2026-05-26 21:13:20,386 | INFO     | PID:24916 | _print_kinematic_events:994 | [ANOMALIA] Possível lance aos 05:54 (jogador track=1641, pico aceleracao=19.01px/frame²)
2026-05-26 21:13:20,386 | INFO     | PID:24916 | _print_kinematic_events:994 | [ANOMALIA] Possível lance aos 05:55 (jogador track=1645, pico velocidade=21.78px/frame)
2026-05-26 21:13:20,386 | INFO     | PID:24916 | _print_kinematic_events:994 | [ANOMALIA] Possível lance aos 05:55 (jogador track=1645, pico aceleracao=21.78px/frame²)
2026-05-26 21:13:20,386 | INFO     | PID:24916 | _print_kinematic_events:994 | [ANOMALIA] Possível lance aos 05:55 (jogador track=1640, pico velocidade=73.98px/frame)
2026-05-26 21:13:20,386 | INFO     | PID:24916 | _print_kinematic_events:994 | [ANOMALIA] Possível lance aos 05:55 (jogador track=1640, pico aceleracao=73.98px/frame²)
2026-05-26 21:13:20,386 | INFO     | PID:24916 | _print_kinematic_events:994 | [ANOMALIA] Possível lance aos 05:55 (jogador track=1650, pico aceleracao=12.09px/frame²)
2026-05-26 21:13:20,386 | INFO     | PID:24916 | _print_kinematic_events:994 | [ANOMALIA] Possível lance aos 05:58 (jogador track=1650, pico aceleracao=11.77px/frame²)
2026-05-26 21:13:20,387 | INFO     | PID:24916 | _print_kinematic_events:994 | [ANOMALIA] Possível lance aos 05:58 (jogador track=1645, pico velocidade=15.34px/frame)
2026-05-26 21:13:20,387 | INFO     | PID:24916 | _print_kinematic_events:994 | [ANOMALIA] Possível lance aos 05:58 (jogador track=1645, pico aceleracao=18.11px/frame²)
2026-05-26 21:13:20,387 | INFO     | PID:24916 | _print_kinematic_events:994 | [ANOMALIA] Possível lance aos 06:00 (jogador track=1661, pico velocidade=37.51px/frame)
2026-05-26 21:13:20,387 | INFO     | PID:24916 | _print_kinematic_events:994 | [ANOMALIA] Possível lance aos 06:00 (jogador track=1662, pico velocidade=34.76px/frame)
2026-05-26 21:13:20,387 | INFO     | PID:24916 | _print_kinematic_events:994 | [ANOMALIA] Possível lance aos 06:00 (jogador track=1661, pico aceleracao=37.51px/frame²)
2026-05-26 21:13:20,387 | INFO     | PID:24916 | _print_kinematic_events:994 | [ANOMALIA] Possível lance aos 06:00 (jogador track=1662, pico aceleracao=34.76px/frame²)
2026-05-26 21:13:20,387 | INFO     | PID:24916 | _print_kinematic_events:994 | [ANOMALIA] Possível lance aos 06:01 (jogador track=1663, pico aceleracao=10.79px/frame²)
2026-05-26 21:13:20,387 | INFO     | PID:24916 | _print_kinematic_events:994 | [ANOMALIA] Possível lance aos 06:01 (jogador track=1666, pico velocidade=26.73px/frame)
2026-05-26 21:13:20,387 | INFO     | PID:24916 | _print_kinematic_events:994 | [ANOMALIA] Possível lance aos 06:01 (jogador track=1669, pico velocidade=21.1px/frame)
2026-05-26 21:13:20,387 | INFO     | PID:24916 | _print_kinematic_events:994 | [ANOMALIA] Possível lance aos 06:02 (jogador track=1669, pico aceleracao=21.1px/frame²)
2026-05-26 21:13:20,387 | INFO     | PID:24916 | _print_kinematic_events:994 | [ANOMALIA] Possível lance aos 06:02 (jogador track=1667, pico aceleracao=11.5px/frame²)
2026-05-26 21:13:20,387 | INFO     | PID:24916 | _print_kinematic_events:994 | [ANOMALIA] Possível lance aos 06:02 (jogador track=1671, pico aceleracao=14.71px/frame²)
2026-05-26 21:13:20,387 | INFO     | PID:24916 | _print_kinematic_events:994 | [ANOMALIA] Possível lance aos 06:02 (jogador track=1666, pico velocidade=42.85px/frame)
2026-05-26 21:13:20,387 | INFO     | PID:24916 | _print_kinematic_events:994 | [ANOMALIA] Possível lance aos 06:02 (jogador track=1666, pico aceleracao=42.85px/frame²)
2026-05-26 21:13:20,387 | INFO     | PID:24916 | _print_kinematic_events:994 | [ANOMALIA] Possível lance aos 06:03 (jogador track=1662, pico velocidade=26.0px/frame)
2026-05-26 21:13:20,387 | INFO     | PID:24916 | _print_kinematic_events:994 | [ANOMALIA] Possível lance aos 06:03 (jogador track=1662, pico aceleracao=26.0px/frame²)
2026-05-26 21:13:20,387 | INFO     | PID:24916 | _print_kinematic_events:994 | [ANOMALIA] Possível lance aos 06:03 (jogador track=1684, pico aceleracao=9.19px/frame²)
2026-05-26 21:13:20,387 | INFO     | PID:24916 | _print_kinematic_events:994 | [ANOMALIA] Possível lance aos 06:03 (jogador track=1661, pico velocidade=17.61px/frame)
2026-05-26 21:13:20,387 | INFO     | PID:24916 | _print_kinematic_events:994 | [ANOMALIA] Possível lance aos 06:04 (jogador track=1683, pico velocidade=38.12px/frame)
2026-05-26 21:13:20,387 | INFO     | PID:24916 | _print_kinematic_events:994 | [ANOMALIA] Possível lance aos 06:04 (jogador track=1683, pico aceleracao=38.12px/frame²)
2026-05-26 21:13:20,387 | INFO     | PID:24916 | _print_kinematic_events:994 | [ANOMALIA] Possível lance aos 06:05 (jogador track=1666, pico velocidade=37.17px/frame)
2026-05-26 21:13:20,387 | INFO     | PID:24916 | _print_kinematic_events:994 | [ANOMALIA] Possível lance aos 06:05 (jogador track=1666, pico aceleracao=37.17px/frame²)
2026-05-26 21:13:20,388 | INFO     | PID:24916 | _print_kinematic_events:994 | [ANOMALIA] Possível lance aos 06:05 (jogador track=1692, pico aceleracao=8.51px/frame²)
2026-05-26 21:13:20,388 | INFO     | PID:24916 | _print_kinematic_events:994 | [ANOMALIA] Possível lance aos 06:05 (jogador track=1680, pico velocidade=23.94px/frame)
2026-05-26 21:13:20,388 | INFO     | PID:24916 | _print_kinematic_events:994 | [ANOMALIA] Possível lance aos 06:05 (jogador track=1680, pico aceleracao=23.94px/frame²)
2026-05-26 21:13:20,388 | INFO     | PID:24916 | _print_kinematic_events:994 | [ANOMALIA] Possível lance aos 06:06 (jogador track=1693, pico velocidade=30.92px/frame)
2026-05-26 21:13:20,388 | INFO     | PID:24916 | _print_kinematic_events:994 | [ANOMALIA] Possível lance aos 06:06 (jogador track=1693, pico aceleracao=30.92px/frame²)
2026-05-26 21:13:20,388 | INFO     | PID:24916 | _print_kinematic_events:994 | [ANOMALIA] Possível lance aos 06:06 (jogador track=1683, pico velocidade=74.28px/frame)
2026-05-26 21:13:20,388 | INFO     | PID:24916 | _print_kinematic_events:994 | [ANOMALIA] Possível lance aos 06:06 (jogador track=1683, pico aceleracao=74.28px/frame²)
2026-05-26 21:13:20,388 | INFO     | PID:24916 | _print_kinematic_events:994 | [ANOMALIA] Possível lance aos 06:06 (jogador track=1674, pico velocidade=23.56px/frame)
2026-05-26 21:13:20,388 | INFO     | PID:24916 | _print_kinematic_events:994 | [ANOMALIA] Possível lance aos 06:06 (jogador track=1674, pico aceleracao=23.56px/frame²)
2026-05-26 21:13:20,388 | INFO     | PID:24916 | _print_kinematic_events:994 | [ANOMALIA] Possível lance aos 06:07 (jogador track=1703, pico velocidade=15.5px/frame)
2026-05-26 21:13:20,388 | INFO     | PID:24916 | _print_kinematic_events:994 | [ANOMALIA] Possível lance aos 06:07 (jogador track=1703, pico aceleracao=15.5px/frame²)
2026-05-26 21:13:20,388 | INFO     | PID:24916 | _print_kinematic_events:994 | [ANOMALIA] Possível lance aos 06:08 (jogador track=1693, pico velocidade=16.32px/frame)
2026-05-26 21:13:20,388 | INFO     | PID:24916 | _print_kinematic_events:994 | [ANOMALIA] Possível lance aos 06:08 (jogador track=1693, pico aceleracao=16.32px/frame²)
2026-05-26 21:13:20,388 | INFO     | PID:24916 | _print_kinematic_events:994 | [ANOMALIA] Possível lance aos 06:08 (jogador track=1711, pico aceleracao=9.62px/frame²)
2026-05-26 21:13:20,388 | INFO     | PID:24916 | _print_kinematic_events:994 | [ANOMALIA] Possível lance aos 06:08 (jogador track=1706, pico velocidade=18.4px/frame)
2026-05-26 21:13:20,388 | INFO     | PID:24916 | _print_kinematic_events:994 | [ANOMALIA] Possível lance aos 06:08 (jogador track=1706, pico aceleracao=18.4px/frame²)
2026-05-26 21:13:20,388 | INFO     | PID:24916 | _print_kinematic_events:994 | [ANOMALIA] Possível lance aos 06:08 (jogador track=1713, pico velocidade=44.64px/frame)
2026-05-26 21:13:20,388 | INFO     | PID:24916 | _print_kinematic_events:994 | [ANOMALIA] Possível lance aos 06:08 (jogador track=1713, pico aceleracao=44.64px/frame²)
2026-05-26 21:13:20,388 | INFO     | PID:24916 | _print_kinematic_events:994 | [ANOMALIA] Possível lance aos 06:09 (jogador track=1714, pico aceleracao=14.04px/frame²)
2026-05-26 21:13:20,388 | INFO     | PID:24916 | _print_kinematic_events:994 | [ANOMALIA] Possível lance aos 06:09 (jogador track=1703, pico velocidade=16.07px/frame)
2026-05-26 21:13:20,388 | INFO     | PID:24916 | _print_kinematic_events:994 | [ANOMALIA] Possível lance aos 06:09 (jogador track=1703, pico aceleracao=16.07px/frame²)
2026-05-26 21:13:20,388 | INFO     | PID:24916 | _print_kinematic_events:994 | [ANOMALIA] Possível lance aos 06:09 (jogador track=1715, pico velocidade=17.27px/frame)
2026-05-26 21:13:20,389 | INFO     | PID:24916 | _print_kinematic_events:994 | [ANOMALIA] Possível lance aos 06:09 (jogador track=1715, pico aceleracao=17.27px/frame²)
2026-05-26 21:13:20,389 | INFO     | PID:24916 | _print_kinematic_events:994 | [ANOMALIA] Possível lance aos 06:10 (jogador track=1719, pico velocidade=25.62px/frame)
2026-05-26 21:13:20,389 | INFO     | PID:24916 | _print_kinematic_events:994 | [ANOMALIA] Possível lance aos 06:10 (jogador track=1719, pico aceleracao=25.62px/frame²)
2026-05-26 21:13:20,389 | INFO     | PID:24916 | _print_kinematic_events:994 | [ANOMALIA] Possível lance aos 06:12 (jogador track=1703, pico velocidade=16.19px/frame)
2026-05-26 21:13:20,389 | INFO     | PID:24916 | _print_kinematic_events:994 | [ANOMALIA] Possível lance aos 06:12 (jogador track=1703, pico aceleracao=16.19px/frame²)
2026-05-26 21:13:20,389 | INFO     | PID:24916 | _print_kinematic_events:994 | [ANOMALIA] Possível lance aos 06:13 (jogador track=1732, pico aceleracao=9.34px/frame²)
2026-05-26 21:13:20,389 | INFO     | PID:24916 | _print_kinematic_events:994 | [ANOMALIA] Possível lance aos 06:14 (jogador track=1728, pico velocidade=81.26px/frame)
2026-05-26 21:13:20,389 | INFO     | PID:24916 | _print_kinematic_events:994 | [ANOMALIA] Possível lance aos 06:14 (jogador track=1728, pico aceleracao=81.26px/frame²)
2026-05-26 21:13:20,389 | INFO     | PID:24916 | _print_kinematic_events:994 | [ANOMALIA] Possível lance aos 06:14 (jogador track=1734, pico velocidade=42.9px/frame)
2026-05-26 21:13:20,389 | INFO     | PID:24916 | _print_kinematic_events:994 | [ANOMALIA] Possível lance aos 06:14 (jogador track=1734, pico aceleracao=42.9px/frame²)
2026-05-26 21:13:20,389 | INFO     | PID:24916 | _print_kinematic_events:994 | [ANOMALIA] Possível lance aos 06:15 (jogador track=1746, pico velocidade=100.65px/frame)
2026-05-26 21:13:20,389 | INFO     | PID:24916 | _print_kinematic_events:994 | [ANOMALIA] Possível lance aos 06:15 (jogador track=1746, pico aceleracao=100.65px/frame²)
2026-05-26 21:13:20,389 | INFO     | PID:24916 | _print_kinematic_events:994 | [ANOMALIA] Possível lance aos 06:15 (jogador track=1729, pico velocidade=63.95px/frame)
2026-05-26 21:13:20,389 | INFO     | PID:24916 | _print_kinematic_events:994 | [ANOMALIA] Possível lance aos 06:15 (jogador track=1729, pico aceleracao=63.95px/frame²)
2026-05-26 21:13:20,389 | INFO     | PID:24916 | _print_kinematic_events:994 | [ANOMALIA] Possível lance aos 06:15 (jogador track=1750, pico aceleracao=9.01px/frame²)
2026-05-26 21:13:20,389 | INFO     | PID:24916 | _print_kinematic_events:994 | [ANOMALIA] Possível lance aos 06:15 (jogador track=1755, pico aceleracao=17.53px/frame²)
2026-05-26 21:13:20,389 | INFO     | PID:24916 | _print_kinematic_events:994 | [ANOMALIA] Possível lance aos 06:16 (jogador track=1754, pico aceleracao=12.3px/frame²)
2026-05-26 21:13:20,389 | INFO     | PID:24916 | _print_kinematic_events:994 | [ANOMALIA] Possível lance aos 06:16 (jogador track=1758, pico aceleracao=14.01px/frame²)
2026-05-26 21:13:20,389 | INFO     | PID:24916 | _print_kinematic_events:994 | [ANOMALIA] Possível lance aos 06:16 (jogador track=1761, pico velocidade=29.3px/frame)
2026-05-26 21:13:20,389 | INFO     | PID:24916 | _print_kinematic_events:994 | [ANOMALIA] Possível lance aos 06:16 (jogador track=1761, pico aceleracao=29.3px/frame²)
2026-05-26 21:13:20,389 | INFO     | PID:24916 | _print_kinematic_events:994 | [ANOMALIA] Possível lance aos 06:17 (bola track=ball_0, pico velocidade=56355.84px/frame)
2026-05-26 21:13:20,390 | INFO     | PID:24916 | _print_kinematic_events:994 | [ANOMALIA] Possível lance aos 06:17 (jogador track=1734, pico velocidade=84.07px/frame)
2026-05-26 21:13:20,390 | INFO     | PID:24916 | _print_kinematic_events:994 | [ANOMALIA] Possível lance aos 06:17 (jogador track=1734, pico aceleracao=84.07px/frame²)
2026-05-26 21:13:20,390 | INFO     | PID:24916 | _print_kinematic_events:994 | [ANOMALIA] Possível lance aos 06:18 (jogador track=1763, pico aceleracao=13.0px/frame²)
2026-05-26 21:13:20,390 | INFO     | PID:24916 | _print_kinematic_events:994 | [ANOMALIA] Possível lance aos 06:19 (jogador track=1765, pico velocidade=24.08px/frame)
2026-05-26 21:13:20,390 | INFO     | PID:24916 | _print_kinematic_events:994 | [ANOMALIA] Possível lance aos 06:19 (jogador track=1765, pico aceleracao=29.21px/frame²)
2026-05-26 21:13:20,390 | INFO     | PID:24916 | _print_kinematic_events:994 | [ANOMALIA] Possível lance aos 06:19 (jogador track=1734, pico velocidade=111.5px/frame)
2026-05-26 21:13:20,390 | INFO     | PID:24916 | _print_kinematic_events:994 | [ANOMALIA] Possível lance aos 06:19 (jogador track=1734, pico aceleracao=111.5px/frame²)
2026-05-26 21:13:20,390 | INFO     | PID:24916 | _print_kinematic_events:994 | [ANOMALIA] Possível lance aos 06:19 (jogador track=1758, pico velocidade=19.01px/frame)
2026-05-26 21:13:20,390 | INFO     | PID:24916 | _print_kinematic_events:994 | [ANOMALIA] Possível lance aos 06:19 (jogador track=1758, pico aceleracao=19.01px/frame²)
2026-05-26 21:13:20,390 | INFO     | PID:24916 | _print_kinematic_events:994 | [ANOMALIA] Possível lance aos 06:19 (jogador track=1768, pico aceleracao=13.58px/frame²)
2026-05-26 21:13:20,390 | INFO     | PID:24916 | _print_kinematic_events:994 | [ANOMALIA] Possível lance aos 06:20 (jogador track=1760, pico velocidade=28.79px/frame)
2026-05-26 21:13:20,390 | INFO     | PID:24916 | _print_kinematic_events:994 | [ANOMALIA] Possível lance aos 06:20 (jogador track=1760, pico aceleracao=28.79px/frame²)
2026-05-26 21:13:20,390 | INFO     | PID:24916 | _print_kinematic_events:994 | [ANOMALIA] Possível lance aos 06:20 (jogador track=1763, pico velocidade=19.1px/frame)
2026-05-26 21:13:20,390 | INFO     | PID:24916 | _print_kinematic_events:994 | [ANOMALIA] Possível lance aos 06:20 (jogador track=1763, pico aceleracao=19.1px/frame²)
2026-05-26 21:13:20,390 | INFO     | PID:24916 | _print_kinematic_events:994 | [ANOMALIA] Possível lance aos 06:21 (jogador track=1771, pico aceleracao=14.22px/frame²)
2026-05-26 21:13:20,390 | INFO     | PID:24916 | _print_kinematic_events:994 | [ANOMALIA] Possível lance aos 06:22 (jogador track=1760, pico velocidade=27.04px/frame)
2026-05-26 21:13:20,390 | INFO     | PID:24916 | _print_kinematic_events:994 | [ANOMALIA] Possível lance aos 06:22 (jogador track=1760, pico aceleracao=27.04px/frame²)
2026-05-26 21:13:20,390 | INFO     | PID:24916 | _print_kinematic_events:994 | [ANOMALIA] Possível lance aos 06:23 (jogador track=1771, pico aceleracao=8.56px/frame²)
2026-05-26 21:13:20,390 | INFO     | PID:24916 | _print_kinematic_events:994 | [ANOMALIA] Possível lance aos 06:23 (jogador track=1768, pico velocidade=16.01px/frame)
2026-05-26 21:13:20,390 | INFO     | PID:24916 | _print_kinematic_events:994 | [ANOMALIA] Possível lance aos 06:23 (jogador track=1758, pico aceleracao=14.51px/frame²)
2026-05-26 21:13:20,390 | INFO     | PID:24916 | _print_kinematic_events:994 | [ANOMALIA] Possível lance aos 06:23 (jogador track=1768, pico aceleracao=16.01px/frame²)
2026-05-26 21:13:20,390 | INFO     | PID:24916 | _print_kinematic_events:994 | [ANOMALIA] Possível lance aos 06:23 (jogador track=1758, pico velocidade=16.5px/frame)
2026-05-26 21:13:20,391 | INFO     | PID:24916 | _print_kinematic_events:994 | [ANOMALIA] Possível lance aos 06:24 (jogador track=1786, pico velocidade=29.54px/frame)
2026-05-26 21:13:20,391 | INFO     | PID:24916 | _print_kinematic_events:994 | [ANOMALIA] Possível lance aos 06:24 (jogador track=1786, pico aceleracao=29.54px/frame²)
2026-05-26 21:13:20,391 | INFO     | PID:24916 | _print_kinematic_events:994 | [ANOMALIA] Possível lance aos 06:24 (jogador track=1787, pico aceleracao=12.01px/frame²)
2026-05-26 21:13:20,391 | INFO     | PID:24916 | _print_kinematic_events:994 | [ANOMALIA] Possível lance aos 06:24 (jogador track=1793, pico aceleracao=11.51px/frame²)
2026-05-26 21:13:20,391 | INFO     | PID:24916 | _print_kinematic_events:994 | [ANOMALIA] Possível lance aos 06:25 (jogador track=1794, pico velocidade=34.82px/frame)
2026-05-26 21:13:20,391 | INFO     | PID:24916 | _print_kinematic_events:994 | [ANOMALIA] Possível lance aos 06:25 (jogador track=1794, pico aceleracao=34.82px/frame²)
2026-05-26 21:13:20,391 | INFO     | PID:24916 | _print_kinematic_events:994 | [ANOMALIA] Possível lance aos 06:25 (jogador track=1796, pico aceleracao=8.02px/frame²)
2026-05-26 21:13:20,391 | INFO     | PID:24916 | _print_kinematic_events:994 | [ANOMALIA] Possível lance aos 06:26 (jogador track=1787, pico aceleracao=9.22px/frame²)
2026-05-26 21:13:20,391 | INFO     | PID:24916 | _print_kinematic_events:994 | [ANOMALIA] Possível lance aos 06:26 (jogador track=1802, pico aceleracao=10.61px/frame²)
2026-05-26 21:13:20,391 | INFO     | PID:24916 | _print_kinematic_events:994 | [ANOMALIA] Possível lance aos 06:27 (jogador track=1802, pico velocidade=19.16px/frame)
2026-05-26 21:13:20,391 | INFO     | PID:24916 | _print_kinematic_events:994 | [ANOMALIA] Possível lance aos 06:27 (jogador track=1794, pico velocidade=43.65px/frame)
2026-05-26 21:13:20,391 | INFO     | PID:24916 | _print_kinematic_events:994 | [ANOMALIA] Possível lance aos 06:27 (jogador track=1794, pico aceleracao=43.65px/frame²)
2026-05-26 21:13:20,391 | INFO     | PID:24916 | _print_kinematic_events:994 | [ANOMALIA] Possível lance aos 06:27 (jogador track=1800, pico velocidade=119.68px/frame)
2026-05-26 21:13:20,391 | INFO     | PID:24916 | _print_kinematic_events:994 | [ANOMALIA] Possível lance aos 06:27 (jogador track=1800, pico aceleracao=119.68px/frame²)
2026-05-26 21:13:20,391 | INFO     | PID:24916 | _print_kinematic_events:994 | [ANOMALIA] Possível lance aos 06:28 (jogador track=1806, pico aceleracao=12.59px/frame²)
2026-05-26 21:13:20,391 | INFO     | PID:24916 | _print_kinematic_events:994 | [ANOMALIA] Possível lance aos 06:28 (jogador track=1806, pico velocidade=15.12px/frame)
2026-05-26 21:13:20,391 | INFO     | PID:24916 | _print_kinematic_events:994 | [ANOMALIA] Possível lance aos 06:28 (jogador track=1812, pico velocidade=38.06px/frame)
2026-05-26 21:13:20,392 | INFO     | PID:24916 | _print_kinematic_events:994 | [ANOMALIA] Possível lance aos 06:28 (jogador track=1812, pico aceleracao=38.06px/frame²)
2026-05-26 21:13:20,392 | INFO     | PID:24916 | _print_kinematic_events:994 | [ANOMALIA] Possível lance aos 06:30 (jogador track=1787, pico velocidade=16.28px/frame)
2026-05-26 21:13:20,392 | INFO     | PID:24916 | _print_kinematic_events:994 | [ANOMALIA] Possível lance aos 06:30 (jogador track=1787, pico aceleracao=16.28px/frame²)
2026-05-26 21:13:20,392 | INFO     | PID:24916 | _print_kinematic_events:994 | [ANOMALIA] Possível lance aos 06:30 (jogador track=1816, pico aceleracao=9.22px/frame²)
2026-05-26 21:13:20,392 | INFO     | PID:24916 | _print_kinematic_events:994 | [ANOMALIA] Possível lance aos 06:34 (jogador track=1826, pico velocidade=19.0px/frame)
2026-05-26 21:13:20,392 | INFO     | PID:24916 | _print_kinematic_events:994 | [ANOMALIA] Possível lance aos 06:34 (jogador track=1826, pico aceleracao=19.0px/frame²)
2026-05-26 21:13:20,392 | INFO     | PID:24916 | _print_kinematic_events:994 | [ANOMALIA] Possível lance aos 06:35 (jogador track=1828, pico aceleracao=14.01px/frame²)
2026-05-26 21:13:20,392 | INFO     | PID:24916 | _print_kinematic_events:994 | [ANOMALIA] Possível lance aos 06:35 (jogador track=1831, pico aceleracao=9.55px/frame²)
2026-05-26 21:13:20,392 | INFO     | PID:24916 | _print_kinematic_events:994 | [ANOMALIA] Possível lance aos 06:36 (jogador track=1832, pico velocidade=34.34px/frame)
2026-05-26 21:13:20,392 | INFO     | PID:24916 | _print_kinematic_events:994 | [ANOMALIA] Possível lance aos 06:36 (jogador track=1832, pico aceleracao=34.34px/frame²)
2026-05-26 21:13:20,392 | INFO     | PID:24916 | _print_kinematic_events:994 | [ANOMALIA] Possível lance aos 06:37 (jogador track=1826, pico velocidade=27.57px/frame)
2026-05-26 21:13:20,392 | INFO     | PID:24916 | _print_kinematic_events:994 | [ANOMALIA] Possível lance aos 06:37 (jogador track=1826, pico aceleracao=27.57px/frame²)
2026-05-26 21:13:20,392 | INFO     | PID:24916 | _print_kinematic_events:994 | [ANOMALIA] Possível lance aos 06:38 (jogador track=1839, pico velocidade=78.73px/frame)
2026-05-26 21:13:20,392 | INFO     | PID:24916 | _print_kinematic_events:994 | [ANOMALIA] Possível lance aos 06:38 (jogador track=1839, pico aceleracao=78.73px/frame²)
2026-05-26 21:13:20,392 | INFO     | PID:24916 | _print_kinematic_events:994 | [ANOMALIA] Possível lance aos 06:38 (jogador track=1842, pico aceleracao=11.42px/frame²)
2026-05-26 21:13:20,392 | INFO     | PID:24916 | _print_kinematic_events:994 | [ANOMALIA] Possível lance aos 06:38 (jogador track=1822, pico velocidade=21.97px/frame)
2026-05-26 21:13:20,392 | INFO     | PID:24916 | _print_kinematic_events:994 | [ANOMALIA] Possível lance aos 06:38 (jogador track=1826, pico velocidade=45.57px/frame)
2026-05-26 21:13:20,392 | INFO     | PID:24916 | _print_kinematic_events:994 | [ANOMALIA] Possível lance aos 06:38 (jogador track=1822, pico aceleracao=21.97px/frame²)
2026-05-26 21:13:20,392 | INFO     | PID:24916 | _print_kinematic_events:994 | [ANOMALIA] Possível lance aos 06:38 (jogador track=1826, pico aceleracao=45.57px/frame²)
2026-05-26 21:13:20,393 | INFO     | PID:24916 | _print_kinematic_events:994 | [ANOMALIA] Possível lance aos 06:39 (jogador track=1851, pico velocidade=21.55px/frame)
2026-05-26 21:13:20,393 | INFO     | PID:24916 | _print_kinematic_events:994 | [ANOMALIA] Possível lance aos 06:40 (jogador track=1846, pico velocidade=24.91px/frame)
2026-05-26 21:13:20,393 | INFO     | PID:24916 | _print_kinematic_events:994 | [ANOMALIA] Possível lance aos 06:40 (jogador track=1846, pico aceleracao=30.7px/frame²)
2026-05-26 21:13:20,393 | INFO     | PID:24916 | _print_kinematic_events:994 | [ANOMALIA] Possível lance aos 06:40 (jogador track=1851, pico aceleracao=27.46px/frame²)
2026-05-26 21:13:20,393 | INFO     | PID:24916 | _print_kinematic_events:994 | [ANOMALIA] Possível lance aos 06:40 (jogador track=1861, pico velocidade=16.14px/frame)
2026-05-26 21:13:20,393 | INFO     | PID:24916 | _print_kinematic_events:994 | [ANOMALIA] Possível lance aos 06:40 (jogador track=1861, pico aceleracao=34.53px/frame²)
2026-05-26 21:13:20,393 | INFO     | PID:24916 | _print_kinematic_events:994 | [ANOMALIA] Possível lance aos 06:42 (jogador track=1872, pico velocidade=15.51px/frame)
2026-05-26 21:13:20,393 | INFO     | PID:24916 | _print_kinematic_events:994 | [ANOMALIA] Possível lance aos 06:42 (jogador track=1872, pico aceleracao=15.51px/frame²)
2026-05-26 21:13:20,393 | INFO     | PID:24916 | _print_kinematic_events:994 | [ANOMALIA] Possível lance aos 06:42 (jogador track=1851, pico velocidade=49.36px/frame)
2026-05-26 21:13:20,393 | INFO     | PID:24916 | _print_kinematic_events:994 | [ANOMALIA] Possível lance aos 06:42 (jogador track=1851, pico aceleracao=49.36px/frame²)
2026-05-26 21:13:20,393 | INFO     | PID:24916 | _print_kinematic_events:994 | [ANOMALIA] Possível lance aos 06:43 (jogador track=1861, pico velocidade=45.52px/frame)
2026-05-26 21:13:20,393 | INFO     | PID:24916 | _print_kinematic_events:994 | [ANOMALIA] Possível lance aos 06:43 (jogador track=1861, pico aceleracao=45.52px/frame²)
2026-05-26 21:13:20,393 | INFO     | PID:24916 | _print_kinematic_events:994 | [ANOMALIA] Possível lance aos 06:43 (jogador track=1865, pico velocidade=22.09px/frame)
2026-05-26 21:13:20,393 | INFO     | PID:24916 | _print_kinematic_events:994 | [ANOMALIA] Possível lance aos 06:43 (jogador track=1865, pico aceleracao=22.09px/frame²)
2026-05-26 21:13:20,393 | INFO     | PID:24916 | _print_kinematic_events:994 | [ANOMALIA] Possível lance aos 06:43 (jogador track=1880, pico velocidade=25.99px/frame)
2026-05-26 21:13:20,393 | INFO     | PID:24916 | _print_kinematic_events:994 | [ANOMALIA] Possível lance aos 06:43 (jogador track=1880, pico aceleracao=25.99px/frame²)
2026-05-26 21:13:20,393 | INFO     | PID:24916 | _print_kinematic_events:994 | [ANOMALIA] Possível lance aos 06:43 (jogador track=1868, pico velocidade=18.0px/frame)
2026-05-26 21:13:20,393 | INFO     | PID:24916 | _print_kinematic_events:994 | [ANOMALIA] Possível lance aos 06:43 (jogador track=1868, pico aceleracao=18.0px/frame²)
2026-05-26 21:13:20,394 | INFO     | PID:24916 | _print_kinematic_events:994 | [ANOMALIA] Possível lance aos 06:43 (jogador track=1885, pico aceleracao=11.5px/frame²)
2026-05-26 21:13:20,394 | INFO     | PID:24916 | _print_kinematic_events:994 | [ANOMALIA] Possível lance aos 06:45 (jogador track=1885, pico velocidade=20.02px/frame)
2026-05-26 21:13:20,394 | INFO     | PID:24916 | _print_kinematic_events:994 | [ANOMALIA] Possível lance aos 06:45 (jogador track=1885, pico aceleracao=20.02px/frame²)
2026-05-26 21:13:20,394 | INFO     | PID:24916 | _print_kinematic_events:994 | [ANOMALIA] Possível lance aos 06:46 (jogador track=1889, pico velocidade=89.01px/frame)
2026-05-26 21:13:20,394 | INFO     | PID:24916 | _print_kinematic_events:994 | [ANOMALIA] Possível lance aos 06:46 (jogador track=1889, pico aceleracao=89.01px/frame²)
2026-05-26 21:13:20,394 | INFO     | PID:24916 | _print_kinematic_events:994 | [ANOMALIA] Possível lance aos 06:46 (jogador track=1896, pico aceleracao=10.05px/frame²)
2026-05-26 21:13:20,394 | INFO     | PID:24916 | _print_kinematic_events:994 | [ANOMALIA] Possível lance aos 06:48 (jogador track=1901, pico velocidade=18.82px/frame)
2026-05-26 21:13:20,394 | INFO     | PID:24916 | _print_kinematic_events:994 | [ANOMALIA] Possível lance aos 06:48 (jogador track=1901, pico aceleracao=18.82px/frame²)
2026-05-26 21:13:20,394 | INFO     | PID:24916 | _print_kinematic_events:994 | [ANOMALIA] Possível lance aos 06:48 (jogador track=1900, pico velocidade=34.24px/frame)
2026-05-26 21:13:20,394 | INFO     | PID:24916 | _print_kinematic_events:994 | [ANOMALIA] Possível lance aos 06:48 (jogador track=1900, pico aceleracao=34.24px/frame²)
2026-05-26 21:13:20,394 | INFO     | PID:24916 | _print_kinematic_events:994 | [ANOMALIA] Possível lance aos 06:49 (jogador track=1898, pico velocidade=77.38px/frame)
2026-05-26 21:13:20,394 | INFO     | PID:24916 | _print_kinematic_events:994 | [ANOMALIA] Possível lance aos 06:49 (jogador track=1898, pico aceleracao=77.38px/frame²)
2026-05-26 21:13:20,394 | INFO     | PID:24916 | _print_kinematic_events:994 | [ANOMALIA] Possível lance aos 06:49 (jogador track=1904, pico aceleracao=11.77px/frame²)
2026-05-26 21:13:20,394 | INFO     | PID:24916 | _print_kinematic_events:994 | [ANOMALIA] Possível lance aos 06:49 (jogador track=1915, pico velocidade=18.56px/frame)
2026-05-26 21:13:20,394 | INFO     | PID:24916 | _print_kinematic_events:994 | [ANOMALIA] Possível lance aos 06:49 (jogador track=1915, pico aceleracao=18.56px/frame²)
2026-05-26 21:13:20,394 | INFO     | PID:24916 | _print_kinematic_events:994 | [ANOMALIA] Possível lance aos 06:50 (jogador track=1911, pico velocidade=50.04px/frame)
2026-05-26 21:13:20,394 | INFO     | PID:24916 | _print_kinematic_events:994 | [ANOMALIA] Possível lance aos 06:50 (jogador track=1911, pico aceleracao=50.04px/frame²)
2026-05-26 21:13:20,394 | INFO     | PID:24916 | _print_kinematic_events:994 | [ANOMALIA] Possível lance aos 06:50 (jogador track=1904, pico aceleracao=11.6px/frame²)
2026-05-26 21:13:20,395 | INFO     | PID:24916 | _print_kinematic_events:994 | [ANOMALIA] Possível lance aos 06:52 (jogador track=1924, pico velocidade=66.53px/frame)
2026-05-26 21:13:20,395 | INFO     | PID:24916 | _print_kinematic_events:994 | [ANOMALIA] Possível lance aos 06:52 (jogador track=1924, pico aceleracao=66.53px/frame²)
2026-05-26 21:13:20,395 | INFO     | PID:24916 | _print_kinematic_events:994 | [ANOMALIA] Possível lance aos 06:53 (jogador track=1927, pico aceleracao=13.0px/frame²)
2026-05-26 21:13:20,395 | INFO     | PID:24916 | _print_kinematic_events:994 | [ANOMALIA] Possível lance aos 06:53 (jogador track=1928, pico aceleracao=14.58px/frame²)
2026-05-26 21:13:20,395 | INFO     | PID:24916 | _print_kinematic_events:994 | [ANOMALIA] Possível lance aos 06:54 (jogador track=1911, pico aceleracao=15.0px/frame²)
2026-05-26 21:13:20,395 | INFO     | PID:24916 | _print_kinematic_events:994 | [ANOMALIA] Possível lance aos 06:54 (jogador track=1911, pico velocidade=16.0px/frame)
2026-05-26 21:13:20,395 | INFO     | PID:24916 | _print_kinematic_events:994 | [ANOMALIA] Possível lance aos 06:54 (jogador track=1923, pico velocidade=16.5px/frame)
2026-05-26 21:13:20,395 | INFO     | PID:24916 | _print_kinematic_events:994 | [ANOMALIA] Possível lance aos 06:54 (jogador track=1935, pico velocidade=56.11px/frame)
2026-05-26 21:13:20,395 | INFO     | PID:24916 | _print_kinematic_events:994 | [ANOMALIA] Possível lance aos 06:54 (jogador track=1923, pico aceleracao=16.5px/frame²)
2026-05-26 21:13:20,395 | INFO     | PID:24916 | _print_kinematic_events:994 | [ANOMALIA] Possível lance aos 06:54 (jogador track=1935, pico aceleracao=56.11px/frame²)
2026-05-26 21:13:20,395 | INFO     | PID:24916 | _print_kinematic_events:994 | [ANOMALIA] Possível lance aos 06:56 (jogador track=1955, pico velocidade=22.95px/frame)
2026-05-26 21:13:20,395 | INFO     | PID:24916 | _print_kinematic_events:994 | [ANOMALIA] Possível lance aos 06:56 (jogador track=1955, pico aceleracao=22.95px/frame²)
2026-05-26 21:13:20,395 | INFO     | PID:24916 | _print_kinematic_events:994 | [ANOMALIA] Possível lance aos 06:56 (jogador track=1957, pico velocidade=20.89px/frame)
2026-05-26 21:13:20,395 | INFO     | PID:24916 | _print_kinematic_events:994 | [ANOMALIA] Possível lance aos 06:56 (jogador track=1957, pico aceleracao=20.89px/frame²)
2026-05-26 21:13:20,395 | INFO     | PID:24916 | _print_kinematic_events:994 | [ANOMALIA] Possível lance aos 06:57 (jogador track=1961, pico velocidade=22.83px/frame)
2026-05-26 21:13:20,395 | INFO     | PID:24916 | _print_kinematic_events:994 | [ANOMALIA] Possível lance aos 06:57 (jogador track=1961, pico aceleracao=22.83px/frame²)
2026-05-26 21:13:20,395 | INFO     | PID:24916 | _print_kinematic_events:994 | [ANOMALIA] Possível lance aos 06:57 (jogador track=1964, pico velocidade=59.6px/frame)
2026-05-26 21:13:20,395 | INFO     | PID:24916 | _print_kinematic_events:994 | [ANOMALIA] Possível lance aos 06:57 (jogador track=1964, pico aceleracao=59.6px/frame²)
2026-05-26 21:13:20,396 | INFO     | PID:24916 | _print_kinematic_events:994 | [ANOMALIA] Possível lance aos 07:00 (jogador track=1957, pico velocidade=37.33px/frame)
2026-05-26 21:13:20,396 | INFO     | PID:24916 | _print_kinematic_events:994 | [ANOMALIA] Possível lance aos 07:00 (jogador track=1957, pico aceleracao=37.33px/frame²)
2026-05-26 21:13:20,396 | INFO     | PID:24916 | _print_kinematic_events:994 | [ANOMALIA] Possível lance aos 07:01 (jogador track=1969, pico aceleracao=14.81px/frame²)
2026-05-26 21:13:20,396 | INFO     | PID:24916 | _print_kinematic_events:994 | [ANOMALIA] Possível lance aos 07:02 (jogador track=1973, pico velocidade=18.72px/frame)
2026-05-26 21:13:20,396 | INFO     | PID:24916 | _print_kinematic_events:994 | [ANOMALIA] Possível lance aos 07:03 (jogador track=1978, pico velocidade=15.51px/frame)
2026-05-26 21:13:20,396 | INFO     | PID:24916 | _print_kinematic_events:994 | [ANOMALIA] Possível lance aos 07:03 (jogador track=1978, pico aceleracao=15.51px/frame²)
2026-05-26 21:13:20,396 | INFO     | PID:24916 | _print_kinematic_events:994 | [ANOMALIA] Possível lance aos 07:03 (jogador track=1969, pico velocidade=34.51px/frame)
2026-05-26 21:13:20,396 | INFO     | PID:24916 | _print_kinematic_events:994 | [ANOMALIA] Possível lance aos 07:03 (jogador track=1969, pico aceleracao=34.51px/frame²)
2026-05-26 21:13:20,396 | INFO     | PID:24916 | _print_kinematic_events:994 | [ANOMALIA] Possível lance aos 07:03 (jogador track=1975, pico aceleracao=8.6px/frame²)
2026-05-26 21:13:20,396 | INFO     | PID:24916 | _print_kinematic_events:994 | [ANOMALIA] Possível lance aos 07:05 (jogador track=1978, pico velocidade=15.07px/frame)
2026-05-26 21:13:20,396 | INFO     | PID:24916 | _print_kinematic_events:994 | [ANOMALIA] Possível lance aos 07:05 (jogador track=1978, pico aceleracao=15.07px/frame²)
2026-05-26 21:13:20,396 | INFO     | PID:24916 | _print_kinematic_events:994 | [ANOMALIA] Possível lance aos 07:06 (jogador track=1973, pico velocidade=18.03px/frame)
2026-05-26 21:13:20,396 | INFO     | PID:24916 | _print_kinematic_events:994 | [ANOMALIA] Possível lance aos 07:06 (jogador track=1991, pico velocidade=49.03px/frame)
2026-05-26 21:13:20,396 | INFO     | PID:24916 | _print_kinematic_events:994 | [ANOMALIA] Possível lance aos 07:06 (jogador track=1991, pico aceleracao=49.03px/frame²)
2026-05-26 21:13:20,396 | INFO     | PID:24916 | _print_kinematic_events:994 | [ANOMALIA] Possível lance aos 07:06 (jogador track=1979, pico velocidade=40.51px/frame)
2026-05-26 21:13:20,396 | INFO     | PID:24916 | _print_kinematic_events:994 | [ANOMALIA] Possível lance aos 07:06 (jogador track=1979, pico aceleracao=40.51px/frame²)
2026-05-26 21:13:20,396 | INFO     | PID:24916 | _print_kinematic_events:994 | [ANOMALIA] Possível lance aos 07:06 (jogador track=1990, pico velocidade=64.42px/frame)
2026-05-26 21:13:20,396 | INFO     | PID:24916 | _print_kinematic_events:994 | [ANOMALIA] Possível lance aos 07:06 (jogador track=1990, pico aceleracao=64.42px/frame²)
2026-05-26 21:13:20,396 | INFO     | PID:24916 | _print_kinematic_events:994 | [ANOMALIA] Possível lance aos 07:06 (jogador track=1992, pico aceleracao=10.92px/frame²)
2026-05-26 21:13:20,397 | INFO     | PID:24916 | _print_kinematic_events:994 | [ANOMALIA] Possível lance aos 07:06 (jogador track=1992, pico velocidade=15.52px/frame)
2026-05-26 21:13:20,397 | INFO     | PID:24916 | _print_kinematic_events:994 | [ANOMALIA] Possível lance aos 07:07 (jogador track=1998, pico velocidade=19.16px/frame)
2026-05-26 21:13:20,397 | INFO     | PID:24916 | _print_kinematic_events:994 | [ANOMALIA] Possível lance aos 07:07 (jogador track=1973, pico aceleracao=79.51px/frame²)
2026-05-26 21:13:20,397 | INFO     | PID:24916 | _print_kinematic_events:994 | [ANOMALIA] Possível lance aos 07:08 (jogador track=1997, pico velocidade=19.65px/frame)
2026-05-26 21:13:20,397 | INFO     | PID:24916 | _print_kinematic_events:994 | [ANOMALIA] Possível lance aos 07:08 (jogador track=1997, pico aceleracao=19.65px/frame²)
2026-05-26 21:13:20,397 | INFO     | PID:24916 | _print_kinematic_events:994 | [ANOMALIA] Possível lance aos 07:08 (jogador track=1973, pico velocidade=68.24px/frame)
2026-05-26 21:13:20,397 | INFO     | PID:24916 | _print_kinematic_events:994 | [ANOMALIA] Possível lance aos 07:08 (jogador track=2002, pico velocidade=15.21px/frame)
2026-05-26 21:13:20,397 | INFO     | PID:24916 | _print_kinematic_events:994 | [ANOMALIA] Possível lance aos 07:08 (jogador track=2002, pico aceleracao=15.21px/frame²)
2026-05-26 21:13:20,397 | INFO     | PID:24916 | _print_kinematic_events:994 | [ANOMALIA] Possível lance aos 07:08 (jogador track=1979, pico velocidade=19.45px/frame)
2026-05-26 21:13:20,397 | INFO     | PID:24916 | _print_kinematic_events:994 | [ANOMALIA] Possível lance aos 07:08 (jogador track=1979, pico aceleracao=19.45px/frame²)
2026-05-26 21:13:20,397 | INFO     | PID:24916 | _print_kinematic_events:994 | [ANOMALIA] Possível lance aos 07:09 (jogador track=1998, pico velocidade=104.5px/frame)
2026-05-26 21:13:20,397 | INFO     | PID:24916 | _print_kinematic_events:994 | [ANOMALIA] Possível lance aos 07:09 (jogador track=1998, pico aceleracao=104.5px/frame²)
2026-05-26 21:13:20,397 | INFO     | PID:24916 | _print_kinematic_events:994 | [ANOMALIA] Possível lance aos 07:09 (jogador track=2001, pico velocidade=38.92px/frame)
2026-05-26 21:13:20,397 | INFO     | PID:24916 | _print_kinematic_events:994 | [ANOMALIA] Possível lance aos 07:09 (jogador track=2001, pico aceleracao=38.92px/frame²)
2026-05-26 21:13:20,397 | INFO     | PID:24916 | _print_kinematic_events:994 | [ANOMALIA] Possível lance aos 07:09 (jogador track=2010, pico velocidade=74.17px/frame)
2026-05-26 21:13:20,397 | INFO     | PID:24916 | _print_kinematic_events:994 | [ANOMALIA] Possível lance aos 07:09 (jogador track=2010, pico aceleracao=74.17px/frame²)
2026-05-26 21:13:20,397 | INFO     | PID:24916 | _print_kinematic_events:994 | [ANOMALIA] Possível lance aos 07:09 (jogador track=2017, pico velocidade=40.01px/frame)
2026-05-26 21:13:20,397 | INFO     | PID:24916 | _print_kinematic_events:994 | [ANOMALIA] Possível lance aos 07:09 (jogador track=2017, pico aceleracao=40.01px/frame²)
2026-05-26 21:13:20,398 | INFO     | PID:24916 | _print_kinematic_events:994 | [ANOMALIA] Possível lance aos 07:10 (jogador track=1971, pico velocidade=17.87px/frame)
2026-05-26 21:13:20,398 | INFO     | PID:24916 | _print_kinematic_events:994 | [ANOMALIA] Possível lance aos 07:10 (jogador track=1971, pico aceleracao=17.87px/frame²)
2026-05-26 21:13:20,398 | INFO     | PID:24916 | _print_kinematic_events:994 | [ANOMALIA] Possível lance aos 07:10 (jogador track=2011, pico velocidade=15.3px/frame)
2026-05-26 21:13:20,398 | INFO     | PID:24916 | _print_kinematic_events:994 | [ANOMALIA] Possível lance aos 07:10 (jogador track=2011, pico aceleracao=15.3px/frame²)
2026-05-26 21:13:20,398 | INFO     | PID:24916 | _print_kinematic_events:994 | [ANOMALIA] Possível lance aos 07:10 (jogador track=2021, pico aceleracao=11.05px/frame²)
2026-05-26 21:13:20,398 | INFO     | PID:24916 | _print_kinematic_events:994 | [ANOMALIA] Possível lance aos 07:10 (jogador track=2025, pico aceleracao=12.01px/frame²)
2026-05-26 21:13:20,398 | INFO     | PID:24916 | _print_kinematic_events:994 | [ANOMALIA] Possível lance aos 07:10 (jogador track=2030, pico velocidade=18.25px/frame)
2026-05-26 21:13:20,398 | INFO     | PID:24916 | _print_kinematic_events:994 | [ANOMALIA] Possível lance aos 07:10 (jogador track=2030, pico aceleracao=18.25px/frame²)
2026-05-26 21:13:20,398 | INFO     | PID:24916 | _print_kinematic_events:994 | [ANOMALIA] Possível lance aos 07:10 (jogador track=2033, pico aceleracao=8.06px/frame²)
2026-05-26 21:13:20,398 | INFO     | PID:24916 | _print_kinematic_events:994 | [ANOMALIA] Possível lance aos 07:11 (jogador track=2034, pico aceleracao=11.54px/frame²)
2026-05-26 21:13:20,398 | INFO     | PID:24916 | _print_kinematic_events:994 | [ANOMALIA] Possível lance aos 07:11 (jogador track=1998, pico velocidade=43.53px/frame)
2026-05-26 21:13:20,398 | INFO     | PID:24916 | _print_kinematic_events:994 | [ANOMALIA] Possível lance aos 07:11 (jogador track=1998, pico aceleracao=43.53px/frame²)
2026-05-26 21:13:20,398 | INFO     | PID:24916 | _print_kinematic_events:994 | [ANOMALIA] Possível lance aos 07:12 (jogador track=1971, pico velocidade=27.0px/frame)
2026-05-26 21:13:20,398 | INFO     | PID:24916 | _print_kinematic_events:994 | [ANOMALIA] Possível lance aos 07:12 (jogador track=1971, pico aceleracao=27.0px/frame²)
2026-05-26 21:13:20,398 | INFO     | PID:24916 | _print_kinematic_events:994 | [ANOMALIA] Possível lance aos 07:13 (jogador track=2034, pico velocidade=16.38px/frame)
2026-05-26 21:13:20,398 | INFO     | PID:24916 | _print_kinematic_events:994 | [ANOMALIA] Possível lance aos 07:13 (jogador track=2034, pico aceleracao=16.38px/frame²)
2026-05-26 21:13:20,398 | INFO     | PID:24916 | _print_kinematic_events:994 | [ANOMALIA] Possível lance aos 07:13 (jogador track=1998, pico velocidade=56.44px/frame)
2026-05-26 21:13:20,398 | INFO     | PID:24916 | _print_kinematic_events:994 | [ANOMALIA] Possível lance aos 07:13 (jogador track=1998, pico aceleracao=56.44px/frame²)
2026-05-26 21:13:20,399 | INFO     | PID:24916 | _print_kinematic_events:994 | [ANOMALIA] Possível lance aos 07:13 (jogador track=2032, pico aceleracao=12.5px/frame²)
2026-05-26 21:13:20,399 | INFO     | PID:24916 | _print_kinematic_events:994 | [ANOMALIA] Possível lance aos 07:14 (jogador track=2044, pico aceleracao=13.24px/frame²)
2026-05-26 21:13:20,399 | INFO     | PID:24916 | _print_kinematic_events:994 | [ANOMALIA] Possível lance aos 07:14 (jogador track=2034, pico aceleracao=13.6px/frame²)
2026-05-26 21:13:20,399 | INFO     | PID:24916 | _print_kinematic_events:994 | [ANOMALIA] Possível lance aos 07:14 (jogador track=2044, pico velocidade=21.97px/frame)
2026-05-26 21:13:20,399 | INFO     | PID:24916 | _print_kinematic_events:994 | [ANOMALIA] Possível lance aos 07:15 (jogador track=2052, pico velocidade=53.08px/frame)
2026-05-26 21:13:20,399 | INFO     | PID:24916 | _print_kinematic_events:994 | [ANOMALIA] Possível lance aos 07:15 (jogador track=2052, pico aceleracao=53.08px/frame²)
2026-05-26 21:13:20,399 | INFO     | PID:24916 | _print_kinematic_events:994 | [ANOMALIA] Possível lance aos 07:16 (jogador track=2043, pico velocidade=19.61px/frame)
2026-05-26 21:13:20,399 | INFO     | PID:24916 | _print_kinematic_events:994 | [ANOMALIA] Possível lance aos 07:16 (jogador track=2044, pico velocidade=18.51px/frame)
2026-05-26 21:13:20,399 | INFO     | PID:24916 | _print_kinematic_events:994 | [ANOMALIA] Possível lance aos 07:16 (jogador track=2044, pico aceleracao=18.51px/frame²)
2026-05-26 21:13:20,399 | INFO     | PID:24916 | _print_kinematic_events:994 | [ANOMALIA] Possível lance aos 07:17 (jogador track=2043, pico aceleracao=142.69px/frame²)
2026-05-26 21:13:20,399 | INFO     | PID:24916 | _print_kinematic_events:994 | [ANOMALIA] Possível lance aos 07:18 (jogador track=1998, pico velocidade=76.87px/frame)
2026-05-26 21:13:20,399 | INFO     | PID:24916 | _print_kinematic_events:994 | [ANOMALIA] Possível lance aos 07:18 (jogador track=1998, pico aceleracao=76.87px/frame²)
2026-05-26 21:13:20,399 | INFO     | PID:24916 | _print_kinematic_events:994 | [ANOMALIA] Possível lance aos 07:19 (jogador track=2043, pico velocidade=28.43px/frame)
2026-05-26 21:13:20,399 | INFO     | PID:24916 | _print_kinematic_events:994 | [ANOMALIA] Possível lance aos 07:19 (jogador track=2043, pico aceleracao=28.43px/frame²)
2026-05-26 21:13:20,399 | INFO     | PID:24916 | _print_kinematic_events:994 | [ANOMALIA] Possível lance aos 07:20 (jogador track=2068, pico velocidade=26.31px/frame)
2026-05-26 21:13:20,399 | INFO     | PID:24916 | _print_kinematic_events:994 | [ANOMALIA] Possível lance aos 07:20 (jogador track=2068, pico aceleracao=26.31px/frame²)
2026-05-26 21:13:20,399 | INFO     | PID:24916 | _print_kinematic_events:994 | [ANOMALIA] Possível lance aos 07:20 (jogador track=2065, pico velocidade=15.65px/frame)
2026-05-26 21:13:20,399 | INFO     | PID:24916 | _print_kinematic_events:994 | [ANOMALIA] Possível lance aos 07:20 (jogador track=2065, pico aceleracao=15.65px/frame²)
2026-05-26 21:13:20,399 | INFO     | PID:24916 | _print_kinematic_events:994 | [ANOMALIA] Possível lance aos 07:21 (jogador track=2072, pico velocidade=46.1px/frame)
2026-05-26 21:13:20,400 | INFO     | PID:24916 | _print_kinematic_events:994 | [ANOMALIA] Possível lance aos 07:21 (jogador track=2072, pico aceleracao=46.1px/frame²)
2026-05-26 21:13:20,400 | INFO     | PID:24916 | _print_kinematic_events:994 | [ANOMALIA] Possível lance aos 07:23 (jogador track=2073, pico velocidade=36.53px/frame)
2026-05-26 21:13:20,400 | INFO     | PID:24916 | _print_kinematic_events:994 | [ANOMALIA] Possível lance aos 07:23 (jogador track=2073, pico aceleracao=36.53px/frame²)
2026-05-26 21:13:20,400 | INFO     | PID:24916 | _print_kinematic_events:994 | [ANOMALIA] Possível lance aos 07:24 (jogador track=2078, pico aceleracao=8.06px/frame²)
2026-05-26 21:13:20,400 | INFO     | PID:24916 | _print_kinematic_events:994 | [ANOMALIA] Possível lance aos 07:24 (jogador track=2080, pico velocidade=27.66px/frame)
2026-05-26 21:13:20,400 | INFO     | PID:24916 | _print_kinematic_events:994 | [ANOMALIA] Possível lance aos 07:24 (jogador track=2080, pico aceleracao=27.66px/frame²)
2026-05-26 21:13:20,400 | INFO     | PID:24916 | _print_kinematic_events:994 | [ANOMALIA] Possível lance aos 07:24 (jogador track=2068, pico velocidade=18.51px/frame)
2026-05-26 21:13:20,400 | INFO     | PID:24916 | _print_kinematic_events:994 | [ANOMALIA] Possível lance aos 07:25 (jogador track=2067, pico velocidade=37.64px/frame)
2026-05-26 21:13:20,400 | INFO     | PID:24916 | _print_kinematic_events:994 | [ANOMALIA] Possível lance aos 07:25 (jogador track=2067, pico aceleracao=37.64px/frame²)
2026-05-26 21:13:20,400 | INFO     | PID:24916 | _print_kinematic_events:994 | [ANOMALIA] Possível lance aos 07:25 (jogador track=2074, pico velocidade=110.19px/frame)
2026-05-26 21:13:20,400 | INFO     | PID:24916 | _print_kinematic_events:994 | [ANOMALIA] Possível lance aos 07:25 (jogador track=2074, pico aceleracao=110.19px/frame²)
2026-05-26 21:13:20,400 | INFO     | PID:24916 | _print_kinematic_events:994 | [ANOMALIA] Possível lance aos 07:26 (jogador track=2080, pico velocidade=17.5px/frame)
2026-05-26 21:13:20,400 | INFO     | PID:24916 | _print_kinematic_events:994 | [ANOMALIA] Possível lance aos 07:27 (jogador track=2093, pico aceleracao=11.0px/frame²)
2026-05-26 21:13:20,400 | INFO     | PID:24916 | _print_kinematic_events:994 | [ANOMALIA] Possível lance aos 07:28 (jogador track=2093, pico velocidade=15.07px/frame)
2026-05-26 21:13:20,400 | INFO     | PID:24916 | _print_kinematic_events:994 | [ANOMALIA] Possível lance aos 07:29 (jogador track=2100, pico velocidade=21.26px/frame)
2026-05-26 21:13:20,400 | INFO     | PID:24916 | _print_kinematic_events:994 | [ANOMALIA] Possível lance aos 07:29 (jogador track=2100, pico aceleracao=21.26px/frame²)
2026-05-26 21:13:20,400 | INFO     | PID:24916 | _print_kinematic_events:994 | [ANOMALIA] Possível lance aos 07:29 (jogador track=2093, pico aceleracao=9.5px/frame²)
2026-05-26 21:13:20,400 | INFO     | PID:24916 | _print_kinematic_events:994 | [ANOMALIA] Possível lance aos 07:30 (jogador track=2091, pico velocidade=15.66px/frame)
2026-05-26 21:13:20,401 | INFO     | PID:24916 | _print_kinematic_events:994 | [ANOMALIA] Possível lance aos 07:30 (jogador track=2091, pico aceleracao=15.66px/frame²)
2026-05-26 21:13:20,401 | INFO     | PID:24916 | _print_kinematic_events:994 | [ANOMALIA] Possível lance aos 07:30 (jogador track=2103, pico velocidade=15.52px/frame)
2026-05-26 21:13:20,401 | INFO     | PID:24916 | _print_kinematic_events:994 | [ANOMALIA] Possível lance aos 07:30 (jogador track=2103, pico aceleracao=15.52px/frame²)
2026-05-26 21:13:20,401 | INFO     | PID:24916 | _print_kinematic_events:994 | [ANOMALIA] Possível lance aos 07:31 (jogador track=2107, pico aceleracao=10.05px/frame²)
2026-05-26 21:13:20,401 | INFO     | PID:24916 | _print_kinematic_events:994 | [ANOMALIA] Possível lance aos 07:31 (jogador track=2111, pico aceleracao=10.4px/frame²)
2026-05-26 21:13:20,401 | INFO     | PID:24916 | _print_kinematic_events:994 | [ANOMALIA] Possível lance aos 07:31 (jogador track=2118, pico aceleracao=14.08px/frame²)
2026-05-26 21:13:20,401 | INFO     | PID:24916 | _print_kinematic_events:994 | [ANOMALIA] Possível lance aos 07:31 (jogador track=2112, pico velocidade=15.44px/frame)
2026-05-26 21:13:20,401 | INFO     | PID:24916 | _print_kinematic_events:994 | [ANOMALIA] Possível lance aos 07:31 (jogador track=2112, pico aceleracao=15.44px/frame²)
2026-05-26 21:13:20,401 | INFO     | PID:24916 | _print_kinematic_events:994 | [ANOMALIA] Possível lance aos 07:31 (jogador track=2113, pico aceleracao=13.87px/frame²)
2026-05-26 21:13:20,401 | INFO     | PID:24916 | _print_kinematic_events:994 | [ANOMALIA] Possível lance aos 07:32 (jogador track=2122, pico velocidade=19.78px/frame)
2026-05-26 21:13:20,401 | INFO     | PID:24916 | _print_kinematic_events:994 | [ANOMALIA] Possível lance aos 07:32 (jogador track=2122, pico aceleracao=19.78px/frame²)
2026-05-26 21:13:20,401 | INFO     | PID:24916 | _print_kinematic_events:994 | [ANOMALIA] Possível lance aos 07:32 (jogador track=2110, pico velocidade=20.22px/frame)
2026-05-26 21:13:20,401 | INFO     | PID:24916 | _print_kinematic_events:994 | [ANOMALIA] Possível lance aos 07:32 (jogador track=2110, pico aceleracao=20.22px/frame²)
2026-05-26 21:13:20,401 | INFO     | PID:24916 | _print_kinematic_events:994 | [ANOMALIA] Possível lance aos 07:32 (jogador track=2111, pico velocidade=19.72px/frame)
2026-05-26 21:13:20,401 | INFO     | PID:24916 | _print_kinematic_events:994 | [ANOMALIA] Possível lance aos 07:32 (jogador track=2108, pico aceleracao=13.83px/frame²)
2026-05-26 21:13:20,401 | INFO     | PID:24916 | _print_kinematic_events:994 | [ANOMALIA] Possível lance aos 07:32 (jogador track=2113, pico velocidade=16.81px/frame)
2026-05-26 21:13:20,401 | INFO     | PID:24916 | _print_kinematic_events:994 | [ANOMALIA] Possível lance aos 07:32 (jogador track=2121, pico aceleracao=11.01px/frame²)
2026-05-26 21:13:20,401 | INFO     | PID:24916 | _print_kinematic_events:994 | [ANOMALIA] Possível lance aos 07:32 (jogador track=2125, pico velocidade=19.24px/frame)
2026-05-26 21:13:20,401 | INFO     | PID:24916 | _print_kinematic_events:994 | [ANOMALIA] Possível lance aos 07:32 (jogador track=2125, pico aceleracao=19.24px/frame²)
2026-05-26 21:13:20,401 | INFO     | PID:24916 | _print_kinematic_events:994 | [ANOMALIA] Possível lance aos 07:33 (jogador track=2108, pico velocidade=34.3px/frame)
2026-05-26 21:13:20,401 | INFO     | PID:24916 | _print_kinematic_events:994 | [ANOMALIA] Possível lance aos 07:33 (jogador track=2111, pico aceleracao=12.59px/frame²)
2026-05-26 21:13:20,402 | INFO     | PID:24916 | _print_kinematic_events:994 | [ANOMALIA] Possível lance aos 07:33 (jogador track=2123, pico velocidade=47.63px/frame)
2026-05-26 21:13:20,402 | INFO     | PID:24916 | _print_kinematic_events:994 | [ANOMALIA] Possível lance aos 07:33 (jogador track=2123, pico aceleracao=47.63px/frame²)
2026-05-26 21:13:20,402 | INFO     | PID:24916 | _print_kinematic_events:994 | [ANOMALIA] Possível lance aos 07:33 (jogador track=2130, pico velocidade=31.56px/frame)
2026-05-26 21:13:20,402 | INFO     | PID:24916 | _print_kinematic_events:994 | [ANOMALIA] Possível lance aos 07:33 (jogador track=2130, pico aceleracao=31.56px/frame²)
2026-05-26 21:13:20,402 | INFO     | PID:24916 | _print_kinematic_events:994 | [ANOMALIA] Possível lance aos 07:35 (jogador track=2130, pico velocidade=15.07px/frame)
2026-05-26 21:13:20,402 | INFO     | PID:24916 | _print_kinematic_events:994 | [ANOMALIA] Possível lance aos 07:35 (jogador track=2130, pico aceleracao=15.07px/frame²)
2026-05-26 21:13:20,402 | INFO     | PID:24916 | _print_kinematic_events:994 | [ANOMALIA] Possível lance aos 07:37 (jogador track=2130, pico aceleracao=14.0px/frame²)
2026-05-26 21:13:20,402 | INFO     | PID:24916 | _print_kinematic_events:994 | [ANOMALIA] Possível lance aos 07:37 (jogador track=2112, pico velocidade=33.47px/frame)
2026-05-26 21:13:20,402 | INFO     | PID:24916 | _print_kinematic_events:994 | [ANOMALIA] Possível lance aos 07:37 (jogador track=2112, pico aceleracao=33.47px/frame²)
2026-05-26 21:13:20,402 | INFO     | PID:24916 | _print_kinematic_events:994 | [ANOMALIA] Possível lance aos 07:37 (jogador track=2142, pico velocidade=25.5px/frame)
2026-05-26 21:13:20,402 | INFO     | PID:24916 | _print_kinematic_events:994 | [ANOMALIA] Possível lance aos 07:37 (jogador track=2142, pico aceleracao=25.5px/frame²)
2026-05-26 21:13:20,402 | INFO     | PID:24916 | _print_kinematic_events:994 | [ANOMALIA] Possível lance aos 07:37 (jogador track=2151, pico aceleracao=16.5px/frame²)
2026-05-26 21:13:20,402 | INFO     | PID:24916 | _print_kinematic_events:994 | [ANOMALIA] Possível lance aos 07:37 (jogador track=2151, pico velocidade=18.06px/frame)
2026-05-26 21:13:20,402 | INFO     | PID:24916 | _print_kinematic_events:994 | [ANOMALIA] Possível lance aos 07:38 (jogador track=2140, pico velocidade=16.69px/frame)
2026-05-26 21:13:20,402 | INFO     | PID:24916 | _print_kinematic_events:994 | [ANOMALIA] Possível lance aos 07:38 (jogador track=2140, pico aceleracao=16.69px/frame²)
2026-05-26 21:13:20,402 | INFO     | PID:24916 | _print_kinematic_events:994 | [ANOMALIA] Possível lance aos 07:38 (jogador track=2149, pico velocidade=136.59px/frame)
2026-05-26 21:13:20,402 | INFO     | PID:24916 | _print_kinematic_events:994 | [ANOMALIA] Possível lance aos 07:38 (jogador track=2149, pico aceleracao=136.59px/frame²)
2026-05-26 21:13:20,403 | INFO     | PID:24916 | _print_kinematic_events:994 | [ANOMALIA] Possível lance aos 07:39 (jogador track=2143, pico velocidade=17.36px/frame)
2026-05-26 21:13:20,403 | INFO     | PID:24916 | _print_kinematic_events:994 | [ANOMALIA] Possível lance aos 07:39 (jogador track=2130, pico velocidade=15.51px/frame)
2026-05-26 21:13:20,403 | INFO     | PID:24916 | _print_kinematic_events:994 | [ANOMALIA] Possível lance aos 07:39 (jogador track=2130, pico aceleracao=15.51px/frame²)
2026-05-26 21:13:20,403 | INFO     | PID:24916 | _print_kinematic_events:994 | [ANOMALIA] Possível lance aos 07:39 (jogador track=2143, pico aceleracao=21.55px/frame²)
2026-05-26 21:13:20,403 | INFO     | PID:24916 | _print_kinematic_events:994 | [ANOMALIA] Possível lance aos 07:39 (jogador track=2155, pico velocidade=39.2px/frame)
2026-05-26 21:13:20,403 | INFO     | PID:24916 | _print_kinematic_events:994 | [ANOMALIA] Possível lance aos 07:39 (jogador track=2160, pico velocidade=101.6px/frame)
2026-05-26 21:13:20,403 | INFO     | PID:24916 | _print_kinematic_events:994 | [ANOMALIA] Possível lance aos 07:39 (jogador track=2155, pico aceleracao=39.2px/frame²)
2026-05-26 21:13:20,403 | INFO     | PID:24916 | _print_kinematic_events:994 | [ANOMALIA] Possível lance aos 07:39 (jogador track=2160, pico aceleracao=101.6px/frame²)
2026-05-26 21:13:20,403 | INFO     | PID:24916 | _print_kinematic_events:994 | [ANOMALIA] Possível lance aos 07:39 (jogador track=2166, pico aceleracao=33.0px/frame²)
2026-05-26 21:13:20,403 | INFO     | PID:24916 | _print_kinematic_events:994 | [ANOMALIA] Possível lance aos 07:40 (jogador track=2173, pico velocidade=17.0px/frame)
2026-05-26 21:13:20,403 | INFO     | PID:24916 | _print_kinematic_events:994 | [ANOMALIA] Possível lance aos 07:40 (jogador track=2173, pico aceleracao=17.0px/frame²)
2026-05-26 21:13:20,403 | INFO     | PID:24916 | _print_kinematic_events:994 | [ANOMALIA] Possível lance aos 07:45 (jogador track=2173, pico aceleracao=13.0px/frame²)
2026-05-26 21:13:20,403 | INFO     | PID:24916 | _print_kinematic_events:994 | [ANOMALIA] Possível lance aos 07:45 (jogador track=2173, pico velocidade=22.01px/frame)
2026-05-26 21:13:20,403 | INFO     | PID:24916 | _print_kinematic_events:994 | [ANOMALIA] Possível lance aos 07:45 (jogador track=2181, pico velocidade=20.52px/frame)
2026-05-26 21:13:20,403 | INFO     | PID:24916 | _print_kinematic_events:994 | [ANOMALIA] Possível lance aos 07:45 (jogador track=2181, pico aceleracao=20.52px/frame²)
2026-05-26 21:13:20,403 | INFO     | PID:24916 | _print_kinematic_events:994 | [ANOMALIA] Possível lance aos 07:47 (jogador track=2185, pico aceleracao=14.51px/frame²)
2026-05-26 21:13:20,403 | INFO     | PID:24916 | _print_kinematic_events:994 | [ANOMALIA] Possível lance aos 07:48 (jogador track=2191, pico velocidade=37.53px/frame)
2026-05-26 21:13:20,404 | INFO     | PID:24916 | _print_kinematic_events:994 | [ANOMALIA] Possível lance aos 07:48 (jogador track=2191, pico aceleracao=37.53px/frame²)
2026-05-26 21:13:20,404 | INFO     | PID:24916 | _print_kinematic_events:994 | [ANOMALIA] Possível lance aos 07:48 (jogador track=2190, pico aceleracao=11.88px/frame²)
2026-05-26 21:13:20,404 | INFO     | PID:24916 | _print_kinematic_events:994 | [ANOMALIA] Possível lance aos 07:48 (jogador track=2188, pico velocidade=17.56px/frame)
2026-05-26 21:13:20,404 | INFO     | PID:24916 | _print_kinematic_events:994 | [ANOMALIA] Possível lance aos 07:48 (jogador track=2188, pico aceleracao=17.56px/frame²)
2026-05-26 21:13:20,404 | INFO     | PID:24916 | _print_kinematic_events:994 | [ANOMALIA] Possível lance aos 07:48 (jogador track=2176, pico velocidade=127.92px/frame)
2026-05-26 21:13:20,404 | INFO     | PID:24916 | _print_kinematic_events:994 | [ANOMALIA] Possível lance aos 07:48 (jogador track=2176, pico aceleracao=127.92px/frame²)
2026-05-26 21:13:20,404 | INFO     | PID:24916 | _print_kinematic_events:994 | [ANOMALIA] Possível lance aos 07:49 (jogador track=2197, pico aceleracao=9.86px/frame²)
2026-05-26 21:13:20,404 | INFO     | PID:24916 | _print_kinematic_events:994 | [ANOMALIA] Possível lance aos 07:49 (jogador track=2190, pico velocidade=22.2px/frame)
2026-05-26 21:13:20,404 | INFO     | PID:24916 | _print_kinematic_events:994 | [ANOMALIA] Possível lance aos 07:49 (jogador track=2190, pico aceleracao=22.2px/frame²)
2026-05-26 21:13:20,404 | INFO     | PID:24916 | _print_kinematic_events:994 | [ANOMALIA] Possível lance aos 07:51 (jogador track=2202, pico aceleracao=8.51px/frame²)
2026-05-26 21:13:20,404 | INFO     | PID:24916 | _print_kinematic_events:994 | [ANOMALIA] Possível lance aos 07:51 (jogador track=2203, pico velocidade=38.66px/frame)
2026-05-26 21:13:20,404 | INFO     | PID:24916 | _print_kinematic_events:994 | [ANOMALIA] Possível lance aos 07:51 (jogador track=2203, pico aceleracao=45.01px/frame²)
2026-05-26 21:13:20,404 | INFO     | PID:24916 | _print_kinematic_events:994 | [ANOMALIA] Possível lance aos 07:51 (jogador track=2197, pico aceleracao=10.61px/frame²)
2026-05-26 21:13:20,404 | INFO     | PID:24916 | _print_kinematic_events:994 | [ANOMALIA] Possível lance aos 07:51 (jogador track=2197, pico velocidade=17.68px/frame)
2026-05-26 21:13:20,404 | INFO     | PID:24916 | _print_kinematic_events:994 | [ANOMALIA] Possível lance aos 07:52 (jogador track=2204, pico velocidade=16.51px/frame)
2026-05-26 21:13:20,404 | INFO     | PID:24916 | _print_kinematic_events:994 | [ANOMALIA] Possível lance aos 07:52 (jogador track=2204, pico aceleracao=16.51px/frame²)
2026-05-26 21:13:20,404 | INFO     | PID:24916 | _print_kinematic_events:994 | [ANOMALIA] Possível lance aos 07:52 (jogador track=2200, pico velocidade=70.54px/frame)
2026-05-26 21:13:20,404 | INFO     | PID:24916 | _print_kinematic_events:994 | [ANOMALIA] Possível lance aos 07:52 (jogador track=2200, pico aceleracao=70.54px/frame²)
2026-05-26 21:13:20,404 | INFO     | PID:24916 | _print_kinematic_events:994 | [ANOMALIA] Possível lance aos 07:54 (jogador track=2214, pico velocidade=33.53px/frame)
2026-05-26 21:13:20,405 | INFO     | PID:24916 | _print_kinematic_events:994 | [ANOMALIA] Possível lance aos 07:54 (jogador track=2214, pico aceleracao=33.53px/frame²)
2026-05-26 21:13:20,405 | INFO     | PID:24916 | _print_kinematic_events:994 | [ANOMALIA] Possível lance aos 07:55 (jogador track=2209, pico aceleracao=8.86px/frame²)
2026-05-26 21:13:20,405 | INFO     | PID:24916 | _print_kinematic_events:994 | [ANOMALIA] Possível lance aos 07:55 (jogador track=2200, pico velocidade=144.07px/frame)
2026-05-26 21:13:20,405 | INFO     | PID:24916 | _print_kinematic_events:994 | [ANOMALIA] Possível lance aos 07:55 (jogador track=2200, pico aceleracao=144.07px/frame²)
2026-05-26 21:13:20,405 | INFO     | PID:24916 | _print_kinematic_events:994 | [ANOMALIA] Possível lance aos 07:55 (jogador track=2221, pico velocidade=15.4px/frame)
2026-05-26 21:13:20,405 | INFO     | PID:24916 | _print_kinematic_events:994 | [ANOMALIA] Possível lance aos 07:55 (jogador track=2221, pico aceleracao=15.4px/frame²)
2026-05-26 21:13:20,405 | INFO     | PID:24916 | _print_kinematic_events:994 | [ANOMALIA] Possível lance aos 07:56 (jogador track=2222, pico velocidade=47.94px/frame)
2026-05-26 21:13:20,405 | INFO     | PID:24916 | _print_kinematic_events:994 | [ANOMALIA] Possível lance aos 07:56 (jogador track=2222, pico aceleracao=47.94px/frame²)
2026-05-26 21:13:20,405 | INFO     | PID:24916 | _print_kinematic_events:994 | [ANOMALIA] Possível lance aos 07:57 (jogador track=2195, pico velocidade=207.02px/frame)
2026-05-26 21:13:20,405 | INFO     | PID:24916 | _print_kinematic_events:994 | [ANOMALIA] Possível lance aos 07:57 (jogador track=2195, pico aceleracao=207.02px/frame²)
2026-05-26 21:13:20,405 | INFO     | PID:24916 | _print_kinematic_events:994 | [ANOMALIA] Possível lance aos 07:57 (jogador track=2230, pico velocidade=16.62px/frame)
2026-05-26 21:13:20,405 | INFO     | PID:24916 | _print_kinematic_events:994 | [ANOMALIA] Possível lance aos 07:57 (jogador track=2230, pico aceleracao=16.62px/frame²)
2026-05-26 21:13:20,405 | INFO     | PID:24916 | _print_kinematic_events:994 | [ANOMALIA] Possível lance aos 07:58 (jogador track=2215, pico velocidade=186.13px/frame)
2026-05-26 21:13:20,405 | INFO     | PID:24916 | _print_kinematic_events:994 | [ANOMALIA] Possível lance aos 07:58 (jogador track=2215, pico aceleracao=186.13px/frame²)
2026-05-26 21:13:20,405 | INFO     | PID:24916 | _print_kinematic_events:994 | [ANOMALIA] Possível lance aos 07:58 (jogador track=2222, pico velocidade=21.1px/frame)
2026-05-26 21:13:20,405 | INFO     | PID:24916 | _print_kinematic_events:994 | [ANOMALIA] Possível lance aos 07:58 (jogador track=2200, pico velocidade=110.29px/frame)
2026-05-26 21:13:20,405 | INFO     | PID:24916 | _print_kinematic_events:994 | [ANOMALIA] Possível lance aos 07:58 (jogador track=2244, pico velocidade=17.85px/frame)
2026-05-26 21:13:20,405 | INFO     | PID:24916 | _print_kinematic_events:994 | [ANOMALIA] Possível lance aos 07:58 (jogador track=2200, pico aceleracao=110.29px/frame²)
2026-05-26 21:13:20,406 | INFO     | PID:24916 | _print_kinematic_events:994 | [ANOMALIA] Possível lance aos 07:58 (jogador track=2244, pico aceleracao=17.85px/frame²)
2026-05-26 21:13:20,406 | INFO     | PID:24916 | _print_kinematic_events:994 | [ANOMALIA] Possível lance aos 07:58 (jogador track=2247, pico aceleracao=11.1px/frame²)
2026-05-26 21:13:20,406 | INFO     | PID:24916 | _print_kinematic_events:994 | [ANOMALIA] Possível lance aos 07:59 (jogador track=2230, pico velocidade=16.57px/frame)
2026-05-26 21:13:20,406 | INFO     | PID:24916 | _print_kinematic_events:994 | [ANOMALIA] Possível lance aos 07:59 (jogador track=2230, pico aceleracao=16.57px/frame²)
2026-05-26 21:13:20,406 | INFO     | PID:24916 | _print_kinematic_events:994 | [ANOMALIA] Possível lance aos 07:59 (jogador track=2195, pico velocidade=25.66px/frame)
2026-05-26 21:13:20,406 | INFO     | PID:24916 | _print_kinematic_events:994 | [ANOMALIA] Possível lance aos 07:59 (jogador track=2249, pico velocidade=18.4px/frame)
2026-05-26 21:13:20,406 | INFO     | PID:24916 | _print_kinematic_events:994 | [ANOMALIA] Possível lance aos 07:59 (jogador track=2249, pico aceleracao=18.4px/frame²)
2026-05-26 21:13:20,406 | INFO     | PID:24916 | _print_kinematic_events:994 | [ANOMALIA] Possível lance aos 07:59 (jogador track=2215, pico velocidade=27.06px/frame)
2026-05-26 21:13:20,406 | INFO     | PID:24916 | _print_kinematic_events:994 | [ANOMALIA] Possível lance aos 08:00 (jogador track=2242, pico velocidade=146.82px/frame)
2026-05-26 21:13:20,406 | INFO     | PID:24916 | _print_kinematic_events:994 | [ANOMALIA] Possível lance aos 08:00 (jogador track=2242, pico aceleracao=146.82px/frame²)
2026-05-26 21:13:20,406 | INFO     | PID:24916 | _print_kinematic_events:994 | [ANOMALIA] Possível lance aos 08:00 (jogador track=2252, pico velocidade=45.57px/frame)
2026-05-26 21:13:20,406 | INFO     | PID:24916 | _print_kinematic_events:994 | [ANOMALIA] Possível lance aos 08:00 (jogador track=2252, pico aceleracao=45.57px/frame²)
2026-05-26 21:13:20,406 | INFO     | PID:24916 | _print_kinematic_events:994 | [ANOMALIA] Possível lance aos 08:01 (jogador track=2256, pico velocidade=18.5px/frame)
2026-05-26 21:13:20,406 | INFO     | PID:24916 | _print_kinematic_events:994 | [ANOMALIA] Possível lance aos 08:01 (jogador track=2256, pico aceleracao=18.5px/frame²)
2026-05-26 21:13:20,406 | INFO     | PID:24916 | _print_kinematic_events:994 | [ANOMALIA] Possível lance aos 08:01 (jogador track=2247, pico aceleracao=12.04px/frame²)
2026-05-26 21:13:20,406 | INFO     | PID:24916 | _print_kinematic_events:994 | [ANOMALIA] Possível lance aos 08:04 (jogador track=2215, pico velocidade=32.25px/frame)
2026-05-26 21:13:20,406 | INFO     | PID:24916 | _print_kinematic_events:994 | [ANOMALIA] Possível lance aos 08:04 (jogador track=2264, pico aceleracao=11.34px/frame²)
2026-05-26 21:13:20,406 | INFO     | PID:24916 | _print_kinematic_events:994 | [ANOMALIA] Possível lance aos 08:04 (jogador track=2263, pico velocidade=73.25px/frame)
2026-05-26 21:13:20,406 | INFO     | PID:24916 | _print_kinematic_events:994 | [ANOMALIA] Possível lance aos 08:04 (jogador track=2263, pico aceleracao=73.25px/frame²)
2026-05-26 21:13:20,407 | INFO     | PID:24916 | _print_kinematic_events:994 | [ANOMALIA] Possível lance aos 08:05 (jogador track=2265, pico velocidade=68.94px/frame)
2026-05-26 21:13:20,407 | INFO     | PID:24916 | _print_kinematic_events:994 | [ANOMALIA] Possível lance aos 08:05 (jogador track=2265, pico aceleracao=68.94px/frame²)
2026-05-26 21:13:20,407 | INFO     | PID:24916 | _print_kinematic_events:994 | [ANOMALIA] Possível lance aos 08:06 (jogador track=2262, pico velocidade=43.57px/frame)
2026-05-26 21:13:20,407 | INFO     | PID:24916 | _print_kinematic_events:994 | [ANOMALIA] Possível lance aos 08:06 (jogador track=2262, pico aceleracao=43.57px/frame²)
2026-05-26 21:13:20,407 | INFO     | PID:24916 | _print_kinematic_events:994 | [ANOMALIA] Possível lance aos 08:06 (jogador track=2270, pico velocidade=27.66px/frame)
2026-05-26 21:13:20,407 | INFO     | PID:24916 | _print_kinematic_events:994 | [ANOMALIA] Possível lance aos 08:06 (jogador track=2270, pico aceleracao=27.66px/frame²)
2026-05-26 21:13:20,407 | INFO     | PID:24916 | _print_kinematic_events:994 | [ANOMALIA] Possível lance aos 08:07 (jogador track=2264, pico aceleracao=11.51px/frame²)
2026-05-26 21:13:20,407 | INFO     | PID:24916 | _print_kinematic_events:994 | [ANOMALIA] Possível lance aos 08:08 (jogador track=2267, pico velocidade=23.52px/frame)
2026-05-26 21:13:20,407 | INFO     | PID:24916 | _print_kinematic_events:994 | [ANOMALIA] Possível lance aos 08:08 (jogador track=2267, pico aceleracao=23.52px/frame²)
2026-05-26 21:13:20,407 | INFO     | PID:24916 | _print_kinematic_events:994 | [ANOMALIA] Possível lance aos 08:09 (jogador track=2277, pico velocidade=49.7px/frame)
2026-05-26 21:13:20,407 | INFO     | PID:24916 | _print_kinematic_events:994 | [ANOMALIA] Possível lance aos 08:09 (jogador track=2277, pico aceleracao=49.7px/frame²)
2026-05-26 21:13:20,407 | INFO     | PID:24916 | _print_kinematic_events:994 | [ANOMALIA] Possível lance aos 08:10 (jogador track=2215, pico velocidade=29.61px/frame)
2026-05-26 21:13:20,407 | INFO     | PID:24916 | _print_kinematic_events:994 | [ANOMALIA] Possível lance aos 08:11 (jogador track=2282, pico velocidade=20.25px/frame)
2026-05-26 21:13:20,407 | INFO     | PID:24916 | _print_kinematic_events:994 | [ANOMALIA] Possível lance aos 08:11 (jogador track=2277, pico velocidade=27.5px/frame)
2026-05-26 21:13:20,407 | INFO     | PID:24916 | _print_kinematic_events:994 | [ANOMALIA] Possível lance aos 08:11 (jogador track=2277, pico aceleracao=27.5px/frame²)
2026-05-26 21:13:20,407 | INFO     | PID:24916 | _print_kinematic_events:994 | [ANOMALIA] Possível lance aos 08:13 (jogador track=2284, pico velocidade=18.03px/frame)
2026-05-26 21:13:20,407 | INFO     | PID:24916 | _print_kinematic_events:994 | [ANOMALIA] Possível lance aos 08:13 (jogador track=2284, pico aceleracao=18.03px/frame²)
2026-05-26 21:13:20,407 | INFO     | PID:24916 | _print_kinematic_events:994 | [ANOMALIA] Possível lance aos 08:13 (jogador track=2215, pico velocidade=192.58px/frame)
2026-05-26 21:13:20,408 | INFO     | PID:24916 | _print_kinematic_events:994 | [ANOMALIA] Possível lance aos 08:13 (jogador track=2282, pico velocidade=21.55px/frame)
2026-05-26 21:13:20,408 | INFO     | PID:24916 | _print_kinematic_events:994 | [ANOMALIA] Possível lance aos 08:13 (jogador track=2215, pico aceleracao=192.58px/frame²)
2026-05-26 21:13:20,408 | INFO     | PID:24916 | _print_kinematic_events:994 | [ANOMALIA] Possível lance aos 08:13 (jogador track=2282, pico aceleracao=25.5px/frame²)
2026-05-26 21:13:20,408 | INFO     | PID:24916 | _print_kinematic_events:994 | [ANOMALIA] Possível lance aos 08:13 (jogador track=2303, pico velocidade=15.07px/frame)
2026-05-26 21:13:20,408 | INFO     | PID:24916 | _print_kinematic_events:994 | [ANOMALIA] Possível lance aos 08:13 (jogador track=2303, pico aceleracao=15.07px/frame²)
2026-05-26 21:13:20,408 | INFO     | PID:24916 | _print_kinematic_events:994 | [ANOMALIA] Possível lance aos 08:13 (jogador track=2300, pico aceleracao=20.02px/frame²)
2026-05-26 21:13:20,408 | INFO     | PID:24916 | _print_kinematic_events:994 | [ANOMALIA] Possível lance aos 08:14 (jogador track=2304, pico aceleracao=11.0px/frame²)
2026-05-26 21:13:20,408 | INFO     | PID:24916 | _print_kinematic_events:994 | [ANOMALIA] Possível lance aos 08:14 (jogador track=2215, pico velocidade=24.63px/frame)
2026-05-26 21:13:20,408 | INFO     | PID:24916 | _print_kinematic_events:994 | [ANOMALIA] Possível lance aos 08:14 (jogador track=2306, pico aceleracao=8.56px/frame²)
2026-05-26 21:13:20,408 | INFO     | PID:24916 | _print_kinematic_events:994 | [ANOMALIA] Possível lance aos 08:15 (jogador track=2307, pico aceleracao=14.22px/frame²)
2026-05-26 21:13:20,408 | INFO     | PID:24916 | _print_kinematic_events:994 | [ANOMALIA] Possível lance aos 08:16 (jogador track=2306, pico velocidade=15.63px/frame)
2026-05-26 21:13:20,408 | INFO     | PID:24916 | _print_kinematic_events:994 | [ANOMALIA] Possível lance aos 08:16 (jogador track=2304, pico velocidade=16.07px/frame)
2026-05-26 21:13:20,408 | INFO     | PID:24916 | _print_kinematic_events:994 | [ANOMALIA] Possível lance aos 08:16 (jogador track=2304, pico aceleracao=16.07px/frame²)
2026-05-26 21:13:20,408 | INFO     | PID:24916 | _print_kinematic_events:994 | [ANOMALIA] Possível lance aos 08:16 (jogador track=2312, pico velocidade=21.05px/frame)
2026-05-26 21:13:20,408 | INFO     | PID:24916 | _print_kinematic_events:994 | [ANOMALIA] Possível lance aos 08:16 (jogador track=2312, pico aceleracao=21.05px/frame²)
2026-05-26 21:13:20,408 | INFO     | PID:24916 | _print_kinematic_events:994 | [ANOMALIA] Possível lance aos 08:16 (bola track=ball_0, pico velocidade=330574.55px/frame)
2026-05-26 21:13:20,408 | INFO     | PID:24916 | _print_kinematic_events:994 | [ANOMALIA] Possível lance aos 08:16 (bola track=ball_0, pico aceleracao=330574.55px/frame²)
2026-05-26 21:13:20,408 | INFO     | PID:24916 | _print_kinematic_events:994 | [ANOMALIA] Possível lance aos 08:17 (jogador track=2303, pico velocidade=15.81px/frame)
2026-05-26 21:13:20,409 | INFO     | PID:24916 | _print_kinematic_events:994 | [ANOMALIA] Possível lance aos 08:17 (jogador track=2307, pico velocidade=22.59px/frame)
2026-05-26 21:13:20,409 | INFO     | PID:24916 | _print_kinematic_events:994 | [ANOMALIA] Possível lance aos 08:17 (jogador track=2303, pico aceleracao=15.81px/frame²)
2026-05-26 21:13:20,409 | INFO     | PID:24916 | _print_kinematic_events:994 | [ANOMALIA] Possível lance aos 08:17 (jogador track=2316, pico velocidade=20.11px/frame)
2026-05-26 21:13:20,409 | INFO     | PID:24916 | _print_kinematic_events:994 | [ANOMALIA] Possível lance aos 08:18 (jogador track=2318, pico velocidade=23.03px/frame)
2026-05-26 21:13:20,409 | INFO     | PID:24916 | _print_kinematic_events:994 | [ANOMALIA] Possível lance aos 08:18 (jogador track=2318, pico aceleracao=23.03px/frame²)
2026-05-26 21:13:20,409 | INFO     | PID:24916 | _print_kinematic_events:994 | [ANOMALIA] Possível lance aos 08:18 (jogador track=2321, pico velocidade=25.54px/frame)
2026-05-26 21:13:20,409 | INFO     | PID:24916 | _print_kinematic_events:994 | [ANOMALIA] Possível lance aos 08:18 (jogador track=2308, pico velocidade=119.65px/frame)
2026-05-26 21:13:20,409 | INFO     | PID:24916 | _print_kinematic_events:994 | [ANOMALIA] Possível lance aos 08:18 (jogador track=2308, pico aceleracao=119.65px/frame²)
2026-05-26 21:13:20,409 | INFO     | PID:24916 | _print_kinematic_events:994 | [ANOMALIA] Possível lance aos 08:18 (jogador track=2314, pico velocidade=18.07px/frame)
2026-05-26 21:13:20,409 | INFO     | PID:24916 | _print_kinematic_events:994 | [ANOMALIA] Possível lance aos 08:18 (jogador track=2314, pico aceleracao=18.07px/frame²)
2026-05-26 21:13:20,409 | INFO     | PID:24916 | _print_kinematic_events:994 | [ANOMALIA] Possível lance aos 08:18 (jogador track=2321, pico aceleracao=28.57px/frame²)
2026-05-26 21:13:20,409 | INFO     | PID:24916 | _print_kinematic_events:994 | [ANOMALIA] Possível lance aos 08:19 (jogador track=2316, pico velocidade=20.55px/frame)
2026-05-26 21:13:20,409 | INFO     | PID:24916 | _print_kinematic_events:994 | [ANOMALIA] Possível lance aos 08:19 (jogador track=2318, pico velocidade=15.79px/frame)
2026-05-26 21:13:20,409 | INFO     | PID:24916 | _print_kinematic_events:994 | [ANOMALIA] Possível lance aos 08:19 (jogador track=2316, pico aceleracao=22.51px/frame²)
2026-05-26 21:13:20,409 | INFO     | PID:24916 | _print_kinematic_events:994 | [ANOMALIA] Possível lance aos 08:19 (jogador track=2328, pico velocidade=19.42px/frame)
2026-05-26 21:13:20,409 | INFO     | PID:24916 | _print_kinematic_events:994 | [ANOMALIA] Possível lance aos 08:19 (jogador track=2328, pico aceleracao=28.0px/frame²)
2026-05-26 21:13:20,409 | INFO     | PID:24916 | _print_kinematic_events:994 | [ANOMALIA] Possível lance aos 08:19 (jogador track=2318, pico aceleracao=19.51px/frame²)
2026-05-26 21:13:20,409 | INFO     | PID:24916 | _print_kinematic_events:994 | [ANOMALIA] Possível lance aos 08:20 (jogador track=2321, pico velocidade=79.95px/frame)
2026-05-26 21:13:20,409 | INFO     | PID:24916 | _print_kinematic_events:994 | [ANOMALIA] Possível lance aos 08:20 (jogador track=2321, pico aceleracao=79.95px/frame²)
2026-05-26 21:13:20,410 | INFO     | PID:24916 | _print_kinematic_events:994 | [ANOMALIA] Possível lance aos 08:20 (jogador track=2334, pico aceleracao=9.49px/frame²)
2026-05-26 21:13:20,410 | INFO     | PID:24916 | _print_kinematic_events:994 | [ANOMALIA] Possível lance aos 08:21 (jogador track=2336, pico aceleracao=13.46px/frame²)
2026-05-26 21:13:20,410 | INFO     | PID:24916 | _print_kinematic_events:994 | [ANOMALIA] Possível lance aos 08:22 (jogador track=2336, pico velocidade=28.71px/frame)
2026-05-26 21:13:20,410 | INFO     | PID:24916 | _print_kinematic_events:994 | [ANOMALIA] Possível lance aos 08:22 (jogador track=2346, pico velocidade=49.08px/frame)
2026-05-26 21:13:20,410 | INFO     | PID:24916 | _print_kinematic_events:994 | [ANOMALIA] Possível lance aos 08:22 (jogador track=2346, pico aceleracao=49.08px/frame²)
2026-05-26 21:13:20,410 | INFO     | PID:24916 | _print_kinematic_events:994 | [ANOMALIA] Possível lance aos 08:23 (jogador track=2345, pico velocidade=189.05px/frame)
2026-05-26 21:13:20,410 | INFO     | PID:24916 | _print_kinematic_events:994 | [ANOMALIA] Possível lance aos 08:23 (jogador track=2345, pico aceleracao=189.05px/frame²)
2026-05-26 21:13:20,410 | INFO     | PID:24916 | _print_kinematic_events:994 | [ANOMALIA] Possível lance aos 08:23 (jogador track=2338, pico aceleracao=9.01px/frame²)
2026-05-26 21:13:20,410 | INFO     | PID:24916 | _print_kinematic_events:994 | [ANOMALIA] Possível lance aos 08:25 (jogador track=2354, pico velocidade=35.0px/frame)
2026-05-26 21:13:20,410 | INFO     | PID:24916 | _print_kinematic_events:994 | [ANOMALIA] Possível lance aos 08:25 (jogador track=2354, pico aceleracao=35.0px/frame²)
2026-05-26 21:13:20,410 | INFO     | PID:24916 | _print_kinematic_events:994 | [ANOMALIA] Possível lance aos 08:25 (jogador track=2355, pico aceleracao=9.5px/frame²)
2026-05-26 21:13:20,410 | INFO     | PID:24916 | _print_kinematic_events:994 | [ANOMALIA] Possível lance aos 08:25 (jogador track=2346, pico velocidade=25.52px/frame)
2026-05-26 21:13:20,410 | INFO     | PID:24916 | _print_kinematic_events:994 | [ANOMALIA] Possível lance aos 08:25 (jogador track=2346, pico aceleracao=25.52px/frame²)
2026-05-26 21:13:20,410 | INFO     | PID:24916 | _print_kinematic_events:994 | [ANOMALIA] Possível lance aos 08:25 (jogador track=2355, pico velocidade=17.5px/frame)
2026-05-26 21:13:20,410 | INFO     | PID:24916 | _print_kinematic_events:994 | [ANOMALIA] Possível lance aos 08:26 (jogador track=2359, pico velocidade=27.17px/frame)
2026-05-26 21:13:20,410 | INFO     | PID:24916 | _print_kinematic_events:994 | [ANOMALIA] Possível lance aos 08:26 (jogador track=2359, pico aceleracao=27.17px/frame²)
2026-05-26 21:13:20,410 | INFO     | PID:24916 | _print_kinematic_events:994 | [ANOMALIA] Possível lance aos 08:27 (jogador track=2355, pico aceleracao=11.01px/frame²)
2026-05-26 21:13:20,410 | INFO     | PID:24916 | _print_kinematic_events:994 | [ANOMALIA] Possível lance aos 08:27 (jogador track=2354, pico velocidade=85.97px/frame)
2026-05-26 21:13:20,410 | INFO     | PID:24916 | _print_kinematic_events:994 | [ANOMALIA] Possível lance aos 08:27 (jogador track=2354, pico aceleracao=85.97px/frame²)
2026-05-26 21:13:20,410 | INFO     | PID:24916 | _print_kinematic_events:994 | [ANOMALIA] Possível lance aos 08:27 (jogador track=2346, pico aceleracao=14.04px/frame²)
2026-05-26 21:13:20,410 | INFO     | PID:24916 | _print_kinematic_events:994 | [ANOMALIA] Possível lance aos 08:28 (jogador track=2364, pico aceleracao=14.53px/frame²)
2026-05-26 21:13:20,410 | INFO     | PID:24916 | _print_kinematic_events:994 | [ANOMALIA] Possível lance aos 08:29 (jogador track=2359, pico velocidade=86.74px/frame)
2026-05-26 21:13:20,410 | INFO     | PID:24916 | _print_kinematic_events:994 | [ANOMALIA] Possível lance aos 08:29 (jogador track=2359, pico aceleracao=86.74px/frame²)
2026-05-26 21:13:20,410 | INFO     | PID:24916 | _print_kinematic_events:994 | [ANOMALIA] Possível lance aos 08:29 (jogador track=2363, pico velocidade=76.03px/frame)
2026-05-26 21:13:20,410 | INFO     | PID:24916 | _print_kinematic_events:994 | [ANOMALIA] Possível lance aos 08:29 (jogador track=2363, pico aceleracao=76.03px/frame²)
2026-05-26 21:13:20,410 | INFO     | PID:24916 | _print_kinematic_events:994 | [ANOMALIA] Possível lance aos 08:29 (jogador track=2354, pico velocidade=84.01px/frame)
2026-05-26 21:13:20,410 | INFO     | PID:24916 | _print_kinematic_events:994 | [ANOMALIA] Possível lance aos 08:29 (jogador track=2354, pico aceleracao=84.01px/frame²)
2026-05-26 21:13:20,410 | INFO     | PID:24916 | _print_kinematic_events:994 | [ANOMALIA] Possível lance aos 08:30 (jogador track=2355, pico aceleracao=8.73px/frame²)
2026-05-26 21:13:20,410 | INFO     | PID:24916 | _print_kinematic_events:994 | [ANOMALIA] Possível lance aos 08:32 (jogador track=2359, pico velocidade=23.58px/frame)
2026-05-26 21:13:20,410 | INFO     | PID:24916 | _print_kinematic_events:994 | [ANOMALIA] Possível lance aos 08:32 (jogador track=2359, pico aceleracao=23.58px/frame²)
2026-05-26 21:13:20,410 | INFO     | PID:24916 | _print_kinematic_events:994 | [ANOMALIA] Possível lance aos 08:32 (jogador track=2346, pico velocidade=41.58px/frame)
2026-05-26 21:13:20,410 | INFO     | PID:24916 | _print_kinematic_events:994 | [ANOMALIA] Possível lance aos 08:32 (jogador track=2346, pico aceleracao=41.58px/frame²)
2026-05-26 21:13:20,410 | INFO     | PID:24916 | _print_kinematic_events:994 | [ANOMALIA] Possível lance aos 08:33 (jogador track=2355, pico aceleracao=9.22px/frame²)
2026-05-26 21:13:20,410 | INFO     | PID:24916 | _print_kinematic_events:994 | [ANOMALIA] Possível lance aos 08:33 (jogador track=2368, pico velocidade=46.51px/frame)
2026-05-26 21:13:20,410 | INFO     | PID:24916 | _print_kinematic_events:994 | [ANOMALIA] Possível lance aos 08:33 (jogador track=2368, pico aceleracao=46.51px/frame²)
2026-05-26 21:13:20,410 | INFO     | PID:24916 | _print_kinematic_events:994 | [ANOMALIA] Possível lance aos 08:35 (jogador track=2359, pico velocidade=23.24px/frame)
2026-05-26 21:13:20,410 | INFO     | PID:24916 | _print_kinematic_events:994 | [ANOMALIA] Possível lance aos 08:35 (jogador track=2359, pico aceleracao=23.24px/frame²)
2026-05-26 21:13:20,411 | INFO     | PID:24916 | _print_kinematic_events:994 | [ANOMALIA] Possível lance aos 08:35 (jogador track=2369, pico aceleracao=13.0px/frame²)
2026-05-26 21:13:20,411 | INFO     | PID:24916 | _print_kinematic_events:994 | [ANOMALIA] Possível lance aos 08:36 (jogador track=2372, pico velocidade=85.53px/frame)
2026-05-26 21:13:20,411 | INFO     | PID:24916 | _print_kinematic_events:994 | [ANOMALIA] Possível lance aos 08:36 (jogador track=2372, pico aceleracao=85.53px/frame²)
2026-05-26 21:13:20,411 | INFO     | PID:24916 | _print_kinematic_events:994 | [ANOMALIA] Possível lance aos 08:36 (jogador track=2377, pico velocidade=26.5px/frame)
2026-05-26 21:13:20,411 | INFO     | PID:24916 | _print_kinematic_events:994 | [ANOMALIA] Possível lance aos 08:36 (jogador track=2377, pico aceleracao=26.5px/frame²)
2026-05-26 21:13:20,411 | INFO     | PID:24916 | _print_kinematic_events:994 | [ANOMALIA] Possível lance aos 08:44 (jogador track=2388, pico velocidade=15.53px/frame)
2026-05-26 21:13:20,411 | INFO     | PID:24916 | _print_kinematic_events:994 | [ANOMALIA] Possível lance aos 08:45 (jogador track=2388, pico aceleracao=17.61px/frame²)
2026-05-26 21:13:20,411 | INFO     | PID:24916 | _print_kinematic_events:994 | [ANOMALIA] Possível lance aos 08:45 (jogador track=2387, pico velocidade=22.07px/frame)
2026-05-26 21:13:20,411 | INFO     | PID:24916 | _print_kinematic_events:994 | [ANOMALIA] Possível lance aos 08:45 (jogador track=2387, pico aceleracao=22.07px/frame²)
2026-05-26 21:13:20,411 | INFO     | PID:24916 | _print_kinematic_events:994 | [ANOMALIA] Possível lance aos 08:46 (jogador track=2390, pico aceleracao=9.51px/frame²)
2026-05-26 21:13:20,411 | INFO     | PID:24916 | _print_kinematic_events:994 | [ANOMALIA] Possível lance aos 08:48 (jogador track=2392, pico velocidade=28.02px/frame)
2026-05-26 21:13:20,411 | INFO     | PID:24916 | _print_kinematic_events:994 | [ANOMALIA] Possível lance aos 08:48 (jogador track=2392, pico aceleracao=28.02px/frame²)
2026-05-26 21:13:20,411 | INFO     | PID:24916 | _print_kinematic_events:994 | [ANOMALIA] Possível lance aos 08:49 (jogador track=2388, pico velocidade=69.03px/frame)
2026-05-26 21:13:20,411 | INFO     | PID:24916 | _print_kinematic_events:994 | [ANOMALIA] Possível lance aos 08:49 (jogador track=2388, pico aceleracao=69.03px/frame²)
2026-05-26 21:13:20,411 | INFO     | PID:24916 | _print_kinematic_events:994 | [ANOMALIA] Possível lance aos 08:50 (jogador track=2394, pico aceleracao=8.25px/frame²)
2026-05-26 21:13:20,411 | INFO     | PID:24916 | _print_kinematic_events:994 | [ANOMALIA] Possível lance aos 08:52 (jogador track=2396, pico velocidade=15.03px/frame)
2026-05-26 21:13:20,411 | INFO     | PID:24916 | _print_kinematic_events:994 | [ANOMALIA] Possível lance aos 08:52 (jogador track=2396, pico aceleracao=15.03px/frame²)
2026-05-26 21:13:20,411 | INFO     | PID:24916 | _print_kinematic_events:994 | [ANOMALIA] Possível lance aos 08:56 (jogador track=2399, pico velocidade=21.01px/frame)
2026-05-26 21:13:20,411 | INFO     | PID:24916 | _print_kinematic_events:994 | [ANOMALIA] Possível lance aos 08:56 (jogador track=2399, pico aceleracao=21.01px/frame²)
2026-05-26 21:13:20,412 | INFO     | PID:24916 | _print_kinematic_events:994 | [ANOMALIA] Possível lance aos 08:56 (jogador track=2398, pico velocidade=16.07px/frame)
2026-05-26 21:13:20,412 | INFO     | PID:24916 | _print_kinematic_events:994 | [ANOMALIA] Possível lance aos 08:56 (jogador track=2398, pico aceleracao=16.07px/frame²)
2026-05-26 21:13:20,412 | INFO     | PID:24916 | _print_kinematic_events:994 | [ANOMALIA] Possível lance aos 08:59 (jogador track=2401, pico velocidade=18.5px/frame)
2026-05-26 21:13:20,412 | INFO     | PID:24916 | _print_kinematic_events:994 | [ANOMALIA] Possível lance aos 08:59 (jogador track=2401, pico aceleracao=18.5px/frame²)
2026-05-26 21:13:20,412 | INFO     | PID:24916 | _print_kinematic_events:994 | [ANOMALIA] Possível lance aos 09:00 (jogador track=2402, pico velocidade=26.54px/frame)
2026-05-26 21:13:20,412 | INFO     | PID:24916 | _print_kinematic_events:994 | [ANOMALIA] Possível lance aos 09:00 (jogador track=2402, pico aceleracao=26.54px/frame²)
2026-05-26 21:13:20,412 | INFO     | PID:24916 | _print_kinematic_events:994 | [ANOMALIA] Possível lance aos 09:03 (jogador track=2407, pico aceleracao=9.71px/frame²)
2026-05-26 21:13:20,412 | INFO     | PID:24916 | _print_kinematic_events:994 | [ANOMALIA] Possível lance aos 09:03 (jogador track=2401, pico velocidade=71.79px/frame)
2026-05-26 21:13:20,412 | INFO     | PID:24916 | _print_kinematic_events:994 | [ANOMALIA] Possível lance aos 09:03 (jogador track=2401, pico aceleracao=71.79px/frame²)
2026-05-26 21:13:20,412 | INFO     | PID:24916 | _print_kinematic_events:994 | [ANOMALIA] Possível lance aos 09:04 (jogador track=2406, pico aceleracao=10.11px/frame²)
2026-05-26 21:13:20,412 | INFO     | PID:24916 | _print_kinematic_events:994 | [ANOMALIA] Possível lance aos 09:11 (jogador track=2416, pico velocidade=20.99px/frame)
2026-05-26 21:13:20,412 | INFO     | PID:24916 | _print_kinematic_events:994 | [ANOMALIA] Possível lance aos 09:11 (jogador track=2416, pico aceleracao=20.99px/frame²)
2026-05-26 21:13:20,412 | INFO     | PID:24916 | _print_kinematic_events:994 | [ANOMALIA] Possível lance aos 09:12 (jogador track=2413, pico velocidade=283.66px/frame)
2026-05-26 21:13:20,412 | INFO     | PID:24916 | _print_kinematic_events:994 | [ANOMALIA] Possível lance aos 09:12 (jogador track=2413, pico aceleracao=283.66px/frame²)
2026-05-26 21:13:20,412 | INFO     | PID:24916 | _print_kinematic_events:994 | [ANOMALIA] Possível lance aos 09:13 (jogador track=2415, pico velocidade=27.17px/frame)
2026-05-26 21:13:20,412 | INFO     | PID:24916 | _print_kinematic_events:994 | [ANOMALIA] Possível lance aos 09:13 (jogador track=2415, pico aceleracao=27.17px/frame²)
2026-05-26 21:13:20,412 | INFO     | PID:24916 | _print_kinematic_events:994 | [ANOMALIA] Possível lance aos 09:13 (jogador track=2417, pico velocidade=54.39px/frame)
2026-05-26 21:13:20,412 | INFO     | PID:24916 | _print_kinematic_events:994 | [ANOMALIA] Possível lance aos 09:13 (jogador track=2417, pico aceleracao=54.39px/frame²)
2026-05-26 21:13:20,412 | INFO     | PID:24916 | _print_kinematic_events:994 | [ANOMALIA] Possível lance aos 09:16 (jogador track=2418, pico velocidade=27.41px/frame)
2026-05-26 21:13:20,412 | INFO     | PID:24916 | _print_kinematic_events:994 | [ANOMALIA] Possível lance aos 09:16 (jogador track=2413, pico velocidade=245.47px/frame)
2026-05-26 21:13:20,413 | INFO     | PID:24916 | _print_kinematic_events:994 | [ANOMALIA] Possível lance aos 09:16 (jogador track=2413, pico aceleracao=245.47px/frame²)
2026-05-26 21:13:20,413 | INFO     | PID:24916 | _print_kinematic_events:994 | [ANOMALIA] Possível lance aos 09:16 (jogador track=2419, pico velocidade=18.11px/frame)
2026-05-26 21:13:20,413 | INFO     | PID:24916 | _print_kinematic_events:994 | [ANOMALIA] Possível lance aos 09:16 (jogador track=2419, pico aceleracao=18.11px/frame²)
2026-05-26 21:13:20,413 | INFO     | PID:24916 | _print_kinematic_events:994 | [ANOMALIA] Possível lance aos 09:16 (jogador track=2418, pico aceleracao=88.46px/frame²)
2026-05-26 21:13:20,413 | INFO     | PID:24916 | _print_kinematic_events:994 | [ANOMALIA] Possível lance aos 09:17 (jogador track=2421, pico aceleracao=9.49px/frame²)
2026-05-26 21:13:20,413 | INFO     | PID:24916 | _print_kinematic_events:994 | [ANOMALIA] Possível lance aos 09:19 (jogador track=2424, pico velocidade=16.53px/frame)
2026-05-26 21:13:20,413 | INFO     | PID:24916 | _print_kinematic_events:994 | [ANOMALIA] Possível lance aos 09:19 (jogador track=2424, pico aceleracao=16.53px/frame²)
2026-05-26 21:13:20,413 | INFO     | PID:24916 | _print_kinematic_events:994 | [ANOMALIA] Possível lance aos 09:25 (jogador track=2432, pico aceleracao=8.56px/frame²)
2026-05-26 21:13:20,413 | INFO     | PID:24916 | _print_kinematic_events:994 | [ANOMALIA] Possível lance aos 09:26 (jogador track=2435, pico velocidade=18.56px/frame)
2026-05-26 21:13:20,413 | INFO     | PID:24916 | _print_kinematic_events:994 | [ANOMALIA] Possível lance aos 09:26 (jogador track=2435, pico aceleracao=18.56px/frame²)
2026-05-26 21:13:20,413 | INFO     | PID:24916 | _print_kinematic_events:994 | [ANOMALIA] Possível lance aos 09:27 (jogador track=2426, pico velocidade=138.83px/frame)
2026-05-26 21:13:20,413 | INFO     | PID:24916 | _print_kinematic_events:994 | [ANOMALIA] Possível lance aos 09:27 (jogador track=2426, pico aceleracao=138.83px/frame²)
2026-05-26 21:13:20,413 | INFO     | PID:24916 | _print_kinematic_events:994 | [ANOMALIA] Possível lance aos 09:29 (jogador track=2441, pico velocidade=17.1px/frame)
2026-05-26 21:13:20,413 | INFO     | PID:24916 | _print_kinematic_events:994 | [ANOMALIA] Possível lance aos 09:29 (jogador track=2441, pico aceleracao=17.1px/frame²)
2026-05-26 21:13:20,413 | INFO     | PID:24916 | _print_kinematic_events:994 | [ANOMALIA] Possível lance aos 09:31 (jogador track=2441, pico velocidade=15.01px/frame)
2026-05-26 21:13:20,413 | INFO     | PID:24916 | _print_kinematic_events:994 | [ANOMALIA] Possível lance aos 09:31 (jogador track=2441, pico aceleracao=15.01px/frame²)
2026-05-26 21:13:20,413 | INFO     | PID:24916 | _print_kinematic_events:994 | [ANOMALIA] Possível lance aos 09:34 (jogador track=2449, pico aceleracao=13.0px/frame²)
2026-05-26 21:13:20,413 | INFO     | PID:24916 | _print_kinematic_events:994 | [ANOMALIA] Possível lance aos 09:34 (jogador track=2449, pico velocidade=16.62px/frame)
2026-05-26 21:13:20,413 | INFO     | PID:24916 | _print_kinematic_events:994 | [ANOMALIA] Possível lance aos 09:35 (jogador track=2450, pico velocidade=53.15px/frame)
2026-05-26 21:13:20,413 | INFO     | PID:24916 | _print_kinematic_events:994 | [ANOMALIA] Possível lance aos 09:35 (jogador track=2450, pico aceleracao=53.15px/frame²)
2026-05-26 21:13:20,413 | INFO     | PID:24916 | _print_kinematic_events:994 | [ANOMALIA] Possível lance aos 09:37 (jogador track=2452, pico velocidade=21.19px/frame)
2026-05-26 21:13:20,414 | INFO     | PID:24916 | _print_kinematic_events:994 | [ANOMALIA] Possível lance aos 09:37 (jogador track=2452, pico aceleracao=21.19px/frame²)
2026-05-26 21:13:20,414 | INFO     | PID:24916 | _print_kinematic_events:994 | [ANOMALIA] Possível lance aos 09:39 (jogador track=2457, pico velocidade=24.01px/frame)
2026-05-26 21:13:20,414 | INFO     | PID:24916 | _print_kinematic_events:994 | [ANOMALIA] Possível lance aos 09:39 (jogador track=2457, pico aceleracao=24.01px/frame²)
2026-05-26 21:13:20,414 | INFO     | PID:24916 | _print_kinematic_events:994 | [ANOMALIA] Possível lance aos 09:40 (jogador track=2455, pico aceleracao=8.63px/frame²)
2026-05-26 21:13:20,414 | INFO     | PID:24916 | _print_kinematic_events:994 | [ANOMALIA] Possível lance aos 09:44 (jogador track=2462, pico aceleracao=13.01px/frame²)
2026-05-26 21:13:20,414 | INFO     | PID:24916 | _print_kinematic_events:994 | [ANOMALIA] Possível lance aos 09:44 (jogador track=2461, pico aceleracao=10.11px/frame²)
2026-05-26 21:13:20,414 | INFO     | PID:24916 | _print_kinematic_events:994 | [ANOMALIA] Possível lance aos 09:49 (jogador track=2464, pico velocidade=41.58px/frame)
2026-05-26 21:13:20,414 | INFO     | PID:24916 | _print_kinematic_events:994 | [ANOMALIA] Possível lance aos 09:49 (jogador track=2464, pico aceleracao=41.58px/frame²)
2026-05-26 21:13:20,414 | INFO     | PID:24916 | _print_kinematic_events:994 | [ANOMALIA] Possível lance aos 09:49 (jogador track=2467, pico velocidade=208.81px/frame)
2026-05-26 21:13:20,414 | INFO     | PID:24916 | _print_kinematic_events:994 | [ANOMALIA] Possível lance aos 09:49 (jogador track=2467, pico aceleracao=208.81px/frame²)
2026-05-26 21:13:20,414 | INFO     | PID:24916 | _print_kinematic_events:994 | [ANOMALIA] Possível lance aos 09:50 (jogador track=2465, pico velocidade=244.49px/frame)
2026-05-26 21:13:20,414 | INFO     | PID:24916 | _print_kinematic_events:994 | [ANOMALIA] Possível lance aos 09:50 (jogador track=2465, pico aceleracao=244.49px/frame²)
2026-05-26 21:13:20,414 | INFO     | PID:24916 | _print_kinematic_events:994 | [ANOMALIA] Possível lance aos 09:51 (jogador track=2468, pico aceleracao=8.56px/frame²)
2026-05-26 21:13:20,414 | INFO     | PID:24916 | _print_kinematic_events:994 | [ANOMALIA] Possível lance aos 09:56 (jogador track=2470, pico aceleracao=8.28px/frame²)
2026-05-26 21:13:20,414 | INFO     | PID:24916 | _print_kinematic_events:994 | [ANOMALIA] Possível lance aos 09:58 (jogador track=2472, pico velocidade=42.11px/frame)
2026-05-26 21:13:20,414 | INFO     | PID:24916 | _print_kinematic_events:994 | [ANOMALIA] Possível lance aos 09:58 (jogador track=2472, pico aceleracao=42.11px/frame²)
2026-05-26 21:13:20,415 | INFO     | PID:24916 | _print_kinematic_events:994 | [ANOMALIA] Possível lance aos 09:59 (jogador track=2475, pico aceleracao=12.0px/frame²)
2026-05-26 21:13:20,415 | INFO     | PID:24916 | _print_kinematic_events:994 | [ANOMALIA] Possível lance aos 09:59 (jogador track=2498, pico velocidade=28.32px/frame)
2026-05-26 21:13:20,415 | INFO     | PID:24916 | _print_kinematic_events:994 | [ANOMALIA] Possível lance aos 10:00 (jogador track=2473, pico velocidade=53.0px/frame)
2026-05-26 21:13:20,415 | INFO     | PID:24916 | _print_kinematic_events:994 | [ANOMALIA] Possível lance aos 10:00 (jogador track=2473, pico aceleracao=53.0px/frame²)
2026-05-26 21:13:20,415 | INFO     | PID:24916 | _print_kinematic_events:994 | [ANOMALIA] Possível lance aos 10:00 (jogador track=2480, pico velocidade=47.86px/frame)
2026-05-26 21:13:20,415 | INFO     | PID:24916 | _print_kinematic_events:994 | [ANOMALIA] Possível lance aos 10:00 (jogador track=2480, pico aceleracao=47.86px/frame²)
2026-05-26 21:13:20,415 | INFO     | PID:24916 | _print_kinematic_events:994 | [ANOMALIA] Possível lance aos 10:00 (jogador track=2465, pico velocidade=30.1px/frame)
2026-05-26 21:13:20,415 | INFO     | PID:24916 | _print_kinematic_events:994 | [ANOMALIA] Possível lance aos 10:00 (jogador track=2488, pico velocidade=104.74px/frame)
2026-05-26 21:13:20,415 | INFO     | PID:24916 | _print_kinematic_events:994 | [ANOMALIA] Possível lance aos 10:00 (jogador track=2488, pico aceleracao=104.74px/frame²)
2026-05-26 21:13:20,415 | INFO     | PID:24916 | _print_kinematic_events:994 | [ANOMALIA] Possível lance aos 10:00 (jogador track=2470, pico aceleracao=13.65px/frame²)
2026-05-26 21:13:20,415 | INFO     | PID:24916 | _print_kinematic_events:994 | [ANOMALIA] Possível lance aos 10:00 (jogador track=2484, pico velocidade=21.02px/frame)
2026-05-26 21:13:20,415 | INFO     | PID:24916 | _print_kinematic_events:994 | [ANOMALIA] Possível lance aos 10:01 (jogador track=2500, pico velocidade=94.43px/frame)
2026-05-26 21:13:20,415 | INFO     | PID:24916 | _print_kinematic_events:994 | [ANOMALIA] Possível lance aos 10:01 (jogador track=2465, pico aceleracao=40.13px/frame²)
2026-05-26 21:13:20,415 | INFO     | PID:24916 | _print_kinematic_events:994 | [ANOMALIA] Possível lance aos 10:01 (jogador track=2500, pico aceleracao=94.43px/frame²)
2026-05-26 21:13:20,415 | INFO     | PID:24916 | _print_kinematic_events:994 | [ANOMALIA] Possível lance aos 10:01 (jogador track=2508, pico aceleracao=9.92px/frame²)
2026-05-26 21:13:20,415 | INFO     | PID:24916 | _print_kinematic_events:994 | [ANOMALIA] Possível lance aos 10:01 (jogador track=2479, pico velocidade=39.58px/frame)
2026-05-26 21:13:20,415 | INFO     | PID:24916 | _print_kinematic_events:994 | [ANOMALIA] Possível lance aos 10:01 (jogador track=2479, pico aceleracao=39.58px/frame²)
2026-05-26 21:13:20,415 | INFO     | PID:24916 | _print_kinematic_events:994 | [ANOMALIA] Possível lance aos 10:01 (jogador track=2477, pico velocidade=128.32px/frame)
2026-05-26 21:13:20,415 | INFO     | PID:24916 | _print_kinematic_events:994 | [ANOMALIA] Possível lance aos 10:01 (jogador track=2477, pico aceleracao=128.32px/frame²)
2026-05-26 21:13:20,416 | INFO     | PID:24916 | _print_kinematic_events:994 | [ANOMALIA] Possível lance aos 10:01 (jogador track=2475, pico velocidade=17.1px/frame)
2026-05-26 21:13:20,416 | INFO     | PID:24916 | _print_kinematic_events:994 | [ANOMALIA] Possível lance aos 10:01 (jogador track=2475, pico aceleracao=17.1px/frame²)
2026-05-26 21:13:20,416 | INFO     | PID:24916 | _print_kinematic_events:994 | [ANOMALIA] Possível lance aos 10:01 (jogador track=2492, pico velocidade=48.0px/frame)
2026-05-26 21:13:20,416 | INFO     | PID:24916 | _print_kinematic_events:994 | [ANOMALIA] Possível lance aos 10:01 (jogador track=2492, pico aceleracao=48.0px/frame²)
2026-05-26 21:13:20,416 | INFO     | PID:24916 | _print_kinematic_events:994 | [ANOMALIA] Possível lance aos 10:01 (jogador track=2512, pico velocidade=16.57px/frame)
2026-05-26 21:13:20,416 | INFO     | PID:24916 | _print_kinematic_events:994 | [ANOMALIA] Possível lance aos 10:01 (jogador track=2512, pico aceleracao=16.57px/frame²)
2026-05-26 21:13:20,416 | INFO     | PID:24916 | _print_kinematic_events:994 | [ANOMALIA] Possível lance aos 10:02 (jogador track=2511, pico velocidade=16.62px/frame)
2026-05-26 21:13:20,416 | INFO     | PID:24916 | _print_kinematic_events:994 | [ANOMALIA] Possível lance aos 10:02 (jogador track=2511, pico aceleracao=16.62px/frame²)
2026-05-26 21:13:20,416 | INFO     | PID:24916 | _print_kinematic_events:994 | [ANOMALIA] Possível lance aos 10:02 (jogador track=2465, pico velocidade=42.72px/frame)
2026-05-26 21:13:20,416 | INFO     | PID:24916 | _print_kinematic_events:994 | [ANOMALIA] Possível lance aos 10:02 (jogador track=2500, pico velocidade=81.43px/frame)
2026-05-26 21:13:20,416 | INFO     | PID:24916 | _print_kinematic_events:994 | [ANOMALIA] Possível lance aos 10:02 (jogador track=2500, pico aceleracao=81.43px/frame²)
2026-05-26 21:13:20,416 | INFO     | PID:24916 | _print_kinematic_events:994 | [ANOMALIA] Possível lance aos 10:02 (jogador track=2508, pico velocidade=22.05px/frame)
2026-05-26 21:13:20,416 | INFO     | PID:24916 | _print_kinematic_events:994 | [ANOMALIA] Possível lance aos 10:02 (jogador track=2508, pico aceleracao=22.05px/frame²)
2026-05-26 21:13:20,416 | INFO     | PID:24916 | _print_kinematic_events:994 | [ANOMALIA] Possível lance aos 10:02 (jogador track=2498, pico velocidade=47.64px/frame)
2026-05-26 21:13:20,416 | INFO     | PID:24916 | _print_kinematic_events:994 | [ANOMALIA] Possível lance aos 10:02 (jogador track=2498, pico aceleracao=47.64px/frame²)
2026-05-26 21:13:20,416 | INFO     | PID:24916 | _print_kinematic_events:994 | [ANOMALIA] Possível lance aos 10:02 (jogador track=2480, pico velocidade=17.24px/frame)
2026-05-26 21:13:20,416 | INFO     | PID:24916 | _print_kinematic_events:994 | [ANOMALIA] Possível lance aos 10:03 (jogador track=2492, pico velocidade=21.05px/frame)
2026-05-26 21:13:20,416 | INFO     | PID:24916 | _print_kinematic_events:994 | [ANOMALIA] Possível lance aos 10:03 (jogador track=2492, pico aceleracao=21.05px/frame²)
2026-05-26 21:13:20,417 | INFO     | PID:24916 | _print_kinematic_events:994 | [ANOMALIA] Possível lance aos 10:03 (jogador track=2465, pico velocidade=55.92px/frame)
2026-05-26 21:13:20,417 | INFO     | PID:24916 | _print_kinematic_events:994 | [ANOMALIA] Possível lance aos 10:03 (jogador track=2465, pico aceleracao=55.92px/frame²)
2026-05-26 21:13:20,417 | INFO     | PID:24916 | _print_kinematic_events:994 | [ANOMALIA] Possível lance aos 10:03 (jogador track=2473, pico velocidade=16.07px/frame)
2026-05-26 21:13:20,417 | INFO     | PID:24916 | _print_kinematic_events:994 | [ANOMALIA] Possível lance aos 10:03 (jogador track=2475, pico velocidade=15.03px/frame)
2026-05-26 21:13:20,417 | INFO     | PID:24916 | _print_kinematic_events:994 | [ANOMALIA] Possível lance aos 10:03 (jogador track=2479, pico velocidade=15.51px/frame)
2026-05-26 21:13:20,417 | INFO     | PID:24916 | _print_kinematic_events:994 | [ANOMALIA] Possível lance aos 10:03 (jogador track=2512, pico velocidade=15.7px/frame)
2026-05-26 21:13:20,417 | INFO     | PID:24916 | _print_kinematic_events:994 | [ANOMALIA] Possível lance aos 10:03 (jogador track=2516, pico velocidade=15.4px/frame)
2026-05-26 21:13:20,417 | INFO     | PID:24916 | _print_kinematic_events:994 | [ANOMALIA] Possível lance aos 10:03 (jogador track=2519, pico velocidade=15.5px/frame)
2026-05-26 21:13:20,417 | INFO     | PID:24916 | _print_kinematic_events:994 | [ANOMALIA] Possível lance aos 10:03 (jogador track=2473, pico aceleracao=16.07px/frame²)
2026-05-26 21:13:20,417 | INFO     | PID:24916 | _print_kinematic_events:994 | [ANOMALIA] Possível lance aos 10:03 (jogador track=2475, pico aceleracao=15.03px/frame²)
2026-05-26 21:13:20,417 | INFO     | PID:24916 | _print_kinematic_events:994 | [ANOMALIA] Possível lance aos 10:03 (jogador track=2479, pico aceleracao=15.51px/frame²)
2026-05-26 21:13:20,417 | INFO     | PID:24916 | _print_kinematic_events:994 | [ANOMALIA] Possível lance aos 10:03 (jogador track=2512, pico aceleracao=15.7px/frame²)
2026-05-26 21:13:20,417 | INFO     | PID:24916 | _print_kinematic_events:994 | [ANOMALIA] Possível lance aos 10:03 (jogador track=2516, pico aceleracao=15.4px/frame²)
2026-05-26 21:13:20,417 | INFO     | PID:24916 | _print_kinematic_events:994 | [ANOMALIA] Possível lance aos 10:03 (jogador track=2519, pico aceleracao=15.5px/frame²)
2026-05-26 21:13:20,417 | INFO     | PID:24916 | _print_kinematic_events:994 | [ANOMALIA] Possível lance aos 10:03 (jogador track=2484, pico velocidade=30.52px/frame)
2026-05-26 21:13:20,417 | INFO     | PID:24916 | _print_kinematic_events:994 | [ANOMALIA] Possível lance aos 10:03 (jogador track=2520, pico velocidade=24.51px/frame)
2026-05-26 21:13:20,417 | INFO     | PID:24916 | _print_kinematic_events:994 | [ANOMALIA] Possível lance aos 10:03 (jogador track=2480, pico aceleracao=24.51px/frame²)
2026-05-26 21:13:20,417 | INFO     | PID:24916 | _print_kinematic_events:994 | [ANOMALIA] Possível lance aos 10:03 (jogador track=2484, pico aceleracao=30.52px/frame²)
2026-05-26 21:13:20,418 | INFO     | PID:24916 | _print_kinematic_events:994 | [ANOMALIA] Possível lance aos 10:03 (jogador track=2520, pico aceleracao=24.51px/frame²)
2026-05-26 21:13:20,418 | INFO     | PID:24916 | _print_kinematic_events:994 | [ANOMALIA] Possível lance aos 10:04 (jogador track=2477, pico velocidade=155.05px/frame)
2026-05-26 21:13:20,418 | INFO     | PID:24916 | _print_kinematic_events:994 | [ANOMALIA] Possível lance aos 10:04 (jogador track=2477, pico aceleracao=155.05px/frame²)
2026-05-26 21:13:20,429 | INFO     | PID:24916 | _compute_clip_intervals:722 |     11 interações com a bola detectadas.
2026-05-26 21:13:20,429 | INFO     | PID:24916 | _compute_clip_intervals:730 |     ✓ 4 blocos de ação encontrados (Modo Player Cam).
2026-05-26 21:13:20,429 | INFO     | PID:24916 | _write_clips:796 | [4/4] Fatiando vídeo em 4 clipes...
2026-05-26 21:14:26,435 | INFO     | PID:24916 | _log_metrics:1009 | 
=== MÉTRICAS DE PERFORMANCE ===
Total de Frames Analisados: 36809
Tempo Total de Execução: 3863.60s (64.39 min)
Clipes Gerados: 4
===============================
